PRAGMA foreign_keys=OFF;
BEGIN TRANSACTION;
CREATE TABLE alvarpid (
    id INTEGER PRIMARY KEY,
    book TEXT,
    episode_title TEXT,
    length INTEGER,
    listeners INTEGER,
    release DATE
);
INSERT INTO alvarpid VALUES(0,NULL,'Ískisur 0. kafli (formáli): LOLcats',23,236,'2017-02-23');
INSERT INTO alvarpid VALUES(1,'1','Ískisur 1. kafli: Keyboard Cat',51,113,'2017-03-02');
INSERT INTO alvarpid VALUES(2,'1','Ískisur 2. kafli: Grumpy Cat',48,65,'2017-03-09');
INSERT INTO alvarpid VALUES(3,'1','Ískisur 3. kafli: Inbread Cats',56,79,'2017-03-16');
INSERT INTO alvarpid VALUES(4,'1','Ískisur 4. kafli - Coby the Cat',55,61,'2017-03-23');
INSERT INTO alvarpid VALUES(5,'1','Ískisur 5. kafli – Gúrkuhræðsla katta',48,46,'2017-03-30');
INSERT INTO alvarpid VALUES(6,'1','Ískisur 6. Kafli - Maneki-neko',50,68,'2017-04-06');
INSERT INTO alvarpid VALUES(7,'1','Ískisur 7. Kafli - Abelóna og akfeitu börnin',52,63,'2017-04-13');
INSERT INTO alvarpid VALUES(8,'1','Ískisur 8. Kafli - Jocelyn Wildenstein',56,39,'2017-04-20');
INSERT INTO alvarpid VALUES(9,'1','Ískisur 9. kafli - In Memoriam Muri',51,33,'2017-04-27');
INSERT INTO alvarpid VALUES(10,'1','Ískisur 10. Kafli - Tvívíðar kattargildrur',49,48,'2017-05-04');
INSERT INTO alvarpid VALUES(11,'1','Ískisur 11. kafli - Toki Nantucket aka Wes Andersen kisi',49,88,'2017-05-10');
INSERT INTO alvarpid VALUES(12,'1','Ískisur 12. kafli - Bonsai Kitten 4 Minecraft',49,50,'2017-05-18');
INSERT INTO alvarpid VALUES(13,'1','Ískisur 13. kafli - Seductive cat is seductive',30,33,'2017-05-25');
INSERT INTO alvarpid VALUES(14,'1','Ískisur 14. kafli - Buddha (Fat) Cat',42,36,'2017-06-01');
INSERT INTO alvarpid VALUES(15,'1','Ískisur 15. kafli - Maru Cat',35,37,'2017-06-08');
INSERT INTO alvarpid VALUES(16,'2','Ískisur 16 - Bók 2 - kaflar 1-2: Pudge the cat',51,52,'2017-06-21');
INSERT INTO alvarpid VALUES(17,'2','Ískisur 17 - Bók 2 - kaflar 3-4: Shironeko aka Coachella Cat',49,40,'2017-06-29');
INSERT INTO alvarpid VALUES(18,'2','Ískisur 18 - Bók 2 - kaflar 5-6: Cher Man Mjá',51,38,'2017-07-06');
INSERT INTO alvarpid VALUES(19,'2','Ískisur 19 - Bók 2 - Kaflar 7-8: Binni kisi',50,48,'2017-07-13');
INSERT INTO alvarpid VALUES(20,'2','Ískisur 20 - Bók 2 - Kaflar 9-10: ISISkisa',47,43,'2017-07-20');
INSERT INTO alvarpid VALUES(21,'2','Ískisur 21 - Bók 2 - Kaflar 11-12: Afmæliskisur',59,52,'2017-07-27');
INSERT INTO alvarpid VALUES(22,'2','Ískisur 22 - Bók 2 - Kafli 13-Samantekt: Mr. Bigglesworth Blofeldsson',47,38,'2017-08-03');
INSERT INTO alvarpid VALUES(23,'3','Ískisur 23 - Bók 3 - Kaflar 1-2 - Nærbuxnakisar',45,45,'2017-08-10');
INSERT INTO alvarpid VALUES(24,'3','Ískisur 24 - Bók 3 - Kaflar 3-4 - PPAP Cat Remix',54,38,'2017-08-18');
INSERT INTO alvarpid VALUES(25,'3','Ískisur 25 - Bók 3 - Kaflar 5-6 - Kettir í beisli',49,34,'2017-08-25');
INSERT INTO alvarpid VALUES(26,'3','Ískisur 26 - Bók 3 - Kaflar 7-8 - June the Kitty',48,43,'2017-08-31');
INSERT INTO alvarpid VALUES(27,'3','Ískisur 27 - Bók 3 - Kaflar 9-10 - Domino',53,28,'2017-09-13');
INSERT INTO alvarpid VALUES(28,'3','Ískisur 28 - Bók 3 - Kaflar 11-12 - Make Kittens Great Again',55,27,'2017-09-21');
INSERT INTO alvarpid VALUES(29,'3','Ískisur 29 - Bók 3 - Kaflar 13-14 - The Citizens Advertising Takeover Service (C.A.T.S)',61,28,'2017-09-28');
INSERT INTO alvarpid VALUES(30,'4','Ískisur 30 - Bók 4 - Kaflar 1-2 - Kisuvín',49,20,'2017-10-06');
INSERT INTO alvarpid VALUES(31,'4','Ískisur 31 - Bók 4 - Kaflar 3-4 - Kettlingurinn Graham',44,26,'2017-10-17');
INSERT INTO alvarpid VALUES(32,'4','Ískisur 32 - bók 4 - kaflar 5-6 - H4CK3R C47',52,24,'2017-10-24');
INSERT INTO alvarpid VALUES(33,'4','Ískisur 33 - bók 4 - kaflar 7-8 - Garfi',48,37,'2017-11-01');
INSERT INTO alvarpid VALUES(34,'4','Ískisur 34 - kaflar 9-10 - Keanu',41,28,'2017-11-07');
INSERT INTO alvarpid VALUES(35,'4','Ískisur 35 - Kaflar 11-12 - Risakisa',40,19,'2017-11-27');
INSERT INTO alvarpid VALUES(36,'4','Ískisur 36 - Kaflar 13-14 - A Street Cat Named Bob',40,15,'2017-12-20');
INSERT INTO alvarpid VALUES(37,'5','Ískisur 37 - Bók 5 - Kaflar 1-2 - Spottaði Púttí',49,28,'2018-01-20');
INSERT INTO alvarpid VALUES(38,'5','Ískisur 38 - Bók 5 - Kaflar 3-4 - Smoothie & Milkshake',46,22,'2018-03-07');
INSERT INTO alvarpid VALUES(39,'5','Ískisur 39 - Bók 5 - Kaflar 5-6 - Gaupa',52,20,'2018-03-20');
INSERT INTO alvarpid VALUES(40,'5','Ískisur 40 - Bók 5 - Kaflar 7-8 - Tvíhliða kettir: Narnia De La Grace & Venus',45,18,'2018-03-28');
INSERT INTO alvarpid VALUES(41,'5','Ískisur 41 - Bók 5 - Kaflar 9-10 - Kötturinn Hundur',55,16,'2018-04-18');
INSERT INTO alvarpid VALUES(42,'5','Ískisur 42 - Bók 5 - Kaflar 11-14 - Handicats: Rexie & Moggy',66,21,'2018-04-24');
INSERT INTO alvarpid VALUES(43,'6','Ískisur 43 - Bók 6 - Kaflar 1-3 - Socks, First Cat of the United States',55,33,'2018-05-15');
INSERT INTO alvarpid VALUES(44,'6','Ískisur 45 - Bók 6 - Kaflar 7-9 - Mjássíni',52,13,'2018-10-23');
INSERT INTO alvarpid VALUES(45,'6','Ískisur 45 - Bók 6 - Kaflar 10-12 - Kisuhendur',34,16,'2018-11-01');
CREATE TABLE books (
    id INTEGER PRIMARY KEY,
    is_title TEXT,
    no_title TEXT,
    se_title TEXT,
    year INTEGER,
    is_year INTEGER,
    is_release DATE,
    pages INTEGER,
    chapters INTEGER,
    translator TEXT,
    characters TEXT,
    est_publication DATE
);
INSERT INTO books VALUES(1,'Álagafjötrar','Trollbundet','Trollbunden',1982,1982,'NA',230,14,'Ingibjörg Jónsdóttir','Silja, Þengill','1982-02-25');
INSERT INTO books VALUES(2,'Nornaveiðar','Heksejakten','Häxjakten',1982,1982,'NA',206,13,'Ingibjörg Jónsdóttir','Silja, Þengill, Sunna','1982-04-24');
INSERT INTO books VALUES(3,'Hyldýpið','Avgrunnen','Avgrunden',1982,1982,'NA',215,14,'Ingibjörg Jónsdóttir','Sunna Angelika','1982-06-21');
INSERT INTO books VALUES(4,'Vonin','Lengsel','Längtan',1982,1982,'NA',213,14,'Ingibjörg Jónsdóttir','Yrja','1982-08-18');
INSERT INTO books VALUES(5,'Dauðasyndin','Dødssynden','Dödssynden',1982,1983,'NA',197,14,'Ingibjörg Jónsdóttir','Cecilie Meiden, Alexander Paladín','1982-10-15');
INSERT INTO books VALUES(6,'Illur arfur','Den onde arven','Det onda arvet',1982,1983,'NA',195,14,'Ingibjörg Jónsdóttir','Þorgeir Lind, Matthías Meiden, Kolgrímur Meiden','1982-12-12');
INSERT INTO books VALUES(7,'Draugahöllin','Spøkelsesslottet','Spökslottet (novel)',1982,1983,'NA',192,14,'Ingibjörg Jónsdóttir','Þráinn Paladín','1983-02-08');
INSERT INTO books VALUES(8,'Dóttir böðulsins','Bøddelens datter','Bödelns dotter',1982,1983,'NA',192,14,'Ingibjörg Jónsdóttir','Hildur, Matthías Meiden','1983-04-07');
INSERT INTO books VALUES(9,'Skuggi fortíðar','Den ensomme','Den ensamme',1983,1983,'NA',190,14,'Ingibjörg Jónsdóttir','Mikael Lind, Anette','1983-06-04');
INSERT INTO books VALUES(10,'Vetrarhríð','Vinterstorm','Vinterstorm',1983,1983,'NA',189,14,'Ingibjörg Jónsdóttir','Villimey Kalebsdóttir, Eldar af Svartaskógi','1983-08-01');
INSERT INTO books VALUES(11,'Blóðhefnd','Blodhevn','Blodshämnd',1983,1984,'NA',181,10,'Ingibjörg Jónsdóttir','Villimey Kalebsdóttir, Woller, Dominic Lind','1984-01-22');
INSERT INTO books VALUES(12,'Ástarfuni','Feber i blodet','Feber i blodet',1983,1984,'1984-03-20',182,14,'Ingibjörg Jónsdóttir','Villimey Kalebsdóttir, Dominic Lind','1984-03-20');
INSERT INTO books VALUES(13,'Fótspor Satans','Satans fotspor','Satans fotspår',1983,1984,'NA',189,14,'Ingibjörg Jónsdóttir','Villimey Kalebsdóttir, Dominic Lind, Nikulás af ætt Ísfólksins','1984-04-23');
INSERT INTO books VALUES(14,'Síðasti riddarinn','Den siste ridder','Den siste riddaren',1983,1984,'1984-06-20',175,14,'Ingibjörg Jónsdóttir','Tristan Paladín, Hildigerður','1984-06-20');
INSERT INTO books VALUES(15,'Austanvindar','Vinden fra øst','Vinden från öster',1984,1984,'1984-07-25',165,14,'Ingibjörg Jónsdóttir','Vendill Grip, Tun-sij','1984-07-25');
INSERT INTO books VALUES(16,'Gálgablómið','Galgeblomsten','Galgdockan',1984,1984,'1984-08-30',173,14,'Ingibjörg Jónsdóttir','Dan Lind, Ingiríður Lind, Úlfhéðinn Paladín','1984-08-30');
INSERT INTO books VALUES(17,'Garður dauðans','Dødens have','Dödens trädgård',1984,1984,'1984-10-11',160,12,'Ingibjörg Jónsdóttir','Daníel Lind, Shira dóttir Vendils','1984-10-11');
INSERT INTO books VALUES(18,'Gríman fellur','Bak fasaden','Bakom fasaden',1984,1984,'1984-11-30',176,14,'Ingibjörg Jónsdóttir','Elísabet Paladín, Vermundur Tark','1984-11-30');
INSERT INTO books VALUES(19,'Tennur drekans','Dragens tenner','Drakens tänder',1984,1985,'1985-01-25',169,14,'Ingibjörg Jónsdóttir','Sölvi Lind','1985-01-25');
INSERT INTO books VALUES(20,'Hrafnsvængir','Ravnens vinger','Korpens vingar',1985,1985,'1985-03-01',176,14,'Ingibjörg Jónsdóttir','Heikir Lind, Mira, Pétur','1985-03-01');
INSERT INTO books VALUES(21,'Um óttubil','Djevlekløften','Vargtimmen',1985,1985,'1985-04-01',175,13,'Ingibjörg Jónsdóttir','Gunnhildur í Knappholti, Arfur Grip, Heikir Lind','1985-04-01');
INSERT INTO books VALUES(22,'Jómfrúin og vætturin','Demonen og jomfruen','Demonen och jungfrun',1985,1985,'1985-05-03',167,14,'Ingibjörg Jónsdóttir','Heikir Lind, Snivel dómari, Vinga Tark','1985-05-03');
INSERT INTO books VALUES(23,'Vorfórn','Våroffer','Våroffer',1985,1985,'1985-06-04',175,14,'Ingibjörg Jónsdóttir','Vinga Tark, Snivel dómari, Heikir Lind, Gráa fólkið','1985-06-04');
INSERT INTO books VALUES(24,'Í iðrum jarðar','I jordens dyp','Djupt i jorden',1985,1985,'1985-08-01',153,15,'Ingibjörg Jónsdóttir','Anna María Ólafsdóttir, Heikir Lind','1985-08-01');
INSERT INTO books VALUES(25,'Guðsbarn eða galdranorn','Engel med svarte vinger','Ängel med dolda horn',1985,1985,'1985-10-08',122,14,'Ingibjörg Jónsdóttir','Þula, Heikir Lind, Tómas','1985-10-08');
INSERT INTO books VALUES(26,'Álagahúsið','Huset i Eldafjord','Huset i Eldafjord',1985,1985,'1985-12-03',143,14,'Ingibjörg Jónsdóttir','Eldar af ætt Ísfólksins','1985-12-03');
INSERT INTO books VALUES(27,'Hneykslið','Skandalen','Synden har lång svans',1985,1986,'1986-02-04',144,14,'Ingibjörg Jónsdóttir','Christer, Magdalena Bacman','1986-02-04');
INSERT INTO books VALUES(28,'Ís og eldur','Is og ild','Is och eld',1986,1986,'1986-03-26',148,14,'Ingibjörg Jónsdóttir','Viljar, Heikir Lind, Þula','1986-03-26');
INSERT INTO books VALUES(29,'Ástir Lúcífers','Lucifers kjærlighet','Lucifers kärlek',1986,1986,'1986-06-03',144,14,'Ingibjörg Jónsdóttir','Lúcífer, Saga, Marcel','1986-06-03');
INSERT INTO books VALUES(30,'Ókindin','Utysket','Människadjuret',1986,1986,'1986-07-30',133,14,'Ingibjörg Jónsdóttir','Marco, Úlfar, Belinda, Viljar, Henning Lind, Malin','1986-07-30');
INSERT INTO books VALUES(31,'Ferjumaðurinn','Fergemannen','Färjkarlen',1986,1986,'1986-10-05',121,14,'Ingibjörg Jónsdóttir','Benedikta, Sander','1986-10-05');
INSERT INTO books VALUES(32,'Hungur','Hunger','Hunger',1986,1986,'1986-12-02',154,14,'Ingibjörg Jónsdóttir','Christoffer Volden, Benedikta','1986-12-02');
INSERT INTO books VALUES(33,'Martröð','Nattens demon','Nattens demon',1986,1987,'1987-02-03',159,14,'Ingibjörg Jónsdóttir','Vanja, André','1987-02-03');
INSERT INTO books VALUES(34,'Konan á ströndinni','Kvinnen på stranden','Kvinnan på stranden',1986,1987,'1987-04-07',188,14,'Ingibjörg Briem','André','1987-04-07');
INSERT INTO books VALUES(35,'Myrkraverk','Vandring i mørket','Vandring i mörkret',1987,1987,'1987-06-02',190,14,'Ingibjörg Briem','Vetle','1987-06-02');
INSERT INTO books VALUES(36,'Galdratungl','Trollmåne','Trollmåne',1987,1987,'1987-08-04',173,15,'Ingibjörg Briem','Christa, Frank Monisen, Tamlin, Lindeló','1987-08-04');
INSERT INTO books VALUES(37,'Vágestur','Skrekkens by','Stad i skräck',1987,1987,'1987-10-06',151,14,'Ingibjörg Briem','Ríkharður Brink, Prúnk','1987-10-06');
INSERT INTO books VALUES(38,'Í skugga stríðsins','Skjulte spor','Små män kastar långa skuggor',1987,1987,'1987-12-01',152,14,'Ingibjörg Briem','Jónatan, Karína','1987-12-01');
INSERT INTO books VALUES(39,'Raddirnar','Rop av stumme røster','Rop av stumma röster',1987,1988,'1988-02-02',158,13,'Ingibjörg Briem','Ellen, Nathaníel','1988-02-02');
INSERT INTO books VALUES(40,'Fangi tímans','Fanget av tiden','Fångad av tiden',1987,1988,'1988-03-28',159,14,'Ingibjörg Briem','Nathaníel, Þúfa, Ellen','1988-03-28');
INSERT INTO books VALUES(41,'Djöflafjallið','Demonenes fjell','Demonernas fjäll',1988,1988,'1988-07-05',170,13,'Ingibjörg Briem','Ættarfundur','1988-07-05');
INSERT INTO books VALUES(42,'Úr launsátri','Stille før stormen','Lugnet före stormen',1988,1988,'1988-09-06',178,15,'Ingibjörg Briem','Fimmmenningarnrir','1988-09-06');
INSERT INTO books VALUES(43,'Í blíðu og stríðu','Et streif av ømhet','En glimt av ömhet',1988,1988,'1988-11-01',163,14,'Ingibjörg Briem','Þúfa','1988-11-01');
INSERT INTO books VALUES(44,'Skapadægur','Den onde dagen','Den onda dagen',1988,1989,'1989-02-07',165,14,'Ingibjörg Briem','Lynx','1989-02-07');
INSERT INTO books VALUES(45,'Böðullinn','Legenden om Marco','Legenden om Marco',1989,1989,'1989-04-25',151,14,'Ingibjörg Briem','Lynx, Marco, Christa','1989-04-25');
INSERT INTO books VALUES(46,'Svarta vatnið','Det svarte vannet','Det svarta vattnet',1989,1989,'1989-07-04',165,14,'Ingibjörg Briem','Nathaníel','1989-07-04');
INSERT INTO books VALUES(47,'Er einhver þarna úti?','Er det noen der ute?','Är det någon därute?',1989,1989,'1989-09-15',157,15,'Ingibjörg Briem','Tan-ghil','1989-09-15');
CREATE TABLE family (
    id INTEGER PRIMARY KEY,
    name TEXT NOT NULL,
    death INTEGER,
    mom INTEGER REFERENCES family(id),
    dad INTEGER REFERENCES family(id),
    gender CHAR(1),
    birth TINYINT,
    chosen_one BOOLEAN
);
INSERT INTO family VALUES(1,'Sunniva eldri af ætt Ísfólksins',1581,NULL,NULL,'F',NULL,NULL);
INSERT INTO family VALUES(2,'Þengill af ætt Ísfólksins',1621,NULL,NULL,'M',1548,'good');
INSERT INTO family VALUES(3,'Silja Arngrímsdóttir',1621,NULL,NULL,'F',1564,NULL);
INSERT INTO family VALUES(4,'Charlotte Meiden',1620,NULL,NULL,'F',1556,NULL);
INSERT INTO family VALUES(5,'Sunna Angelíka af ætt Ísfólksins',1602,1,NULL,'F',1579,'good');
INSERT INTO family VALUES(6,'Dagur Christan Meiden',1637,4,NULL,'M',1581,NULL);
INSERT INTO family VALUES(7,'Líf Hanna af ætt Ísfólksins',1668,3,2,'F',1583,NULL);
INSERT INTO family VALUES(8,'Ari af ætt Ísfólksins',1660,3,2,'M',1586,NULL);
INSERT INTO family VALUES(9,'Meta',1635,NULL,NULL,'F',1587,NULL);
INSERT INTO family VALUES(10,'Sunniva af ætt Ísfólksins',1621,5,NULL,'F',1601,NULL);
INSERT INTO family VALUES(11,'Tarald Meiden',1660,7,6,'M',1601,NULL);
INSERT INTO family VALUES(12,'Yrja Matthíasdóttir',1669,NULL,NULL,'F',1601,NULL);
INSERT INTO family VALUES(13,'Cecilie Meiden',1683,7,6,'F',1602,NULL);
INSERT INTO family VALUES(14,'Alexander Paladín',1671,NULL,NULL,'M',1595,NULL);
INSERT INTO family VALUES(15,'Cornelia Erbach',1635,NULL,NULL,'F',1616,NULL);
INSERT INTO family VALUES(16,'Þorgeir Lind af ætt Ísfólksins',1635,9,8,'M',1607,NULL);
INSERT INTO family VALUES(17,'Þrándur af ætt Ísfólksins',1625,9,8,'M',1608,'good');
INSERT INTO family VALUES(18,'Brandur af ætt Ísfólksins',1686,9,8,'M',1609,NULL);
INSERT INTO family VALUES(19,'Matthildur Nikulásdóttir',1672,NULL,NULL,'F',1610,NULL);
INSERT INTO family VALUES(20,'Kolgrímur Meiden',1635,10,11,'M',1621,'evil');
INSERT INTO family VALUES(21,'Matthías Meiden',1695,12,11,'M',1624,NULL);
INSERT INTO family VALUES(22,'Hildur Jóelsdóttir',1693,NULL,NULL,'F',1627,NULL);
INSERT INTO family VALUES(23,'Jessika Cross',1681,NULL,NULL,'F',1629,NULL);
INSERT INTO family VALUES(24,'Þráinn Paladín',1678,13,14,'M',1628,NULL);
INSERT INTO family VALUES(25,'Gabríella Paladín',1712,13,14,'F',1628,NULL);
INSERT INTO family VALUES(26,'Kaleb',1695,NULL,NULL,'M',1618,NULL);
INSERT INTO family VALUES(27,'Mikael Lind af ætt Ísfólksins',1708,15,16,'M',1635,NULL);
INSERT INTO family VALUES(28,'Anette de Saint Colombo',1684,NULL,NULL,'F',1634,NULL);
INSERT INTO family VALUES(29,'Andrés Lind af ætt Ísfólksins',1711,19,18,'M',1627,NULL);
INSERT INTO family VALUES(30,'Elí',1690,NULL,NULL,'F',1638,NULL);
INSERT INTO family VALUES(31,'Irmelín Meiden',1712,22,21,'F',1655,NULL);
INSERT INTO family VALUES(32,'Örjen Stege',1712,NULL,NULL,'M',1649,NULL);
INSERT INTO family VALUES(33,'Lene Paladín',1724,23,24,'F',1652,NULL);
INSERT INTO family VALUES(34,'Tristan Paladín',1741,23,24,'M',1658,NULL);
INSERT INTO family VALUES(35,'Villimey Kalebsdóttir',1730,25,26,'F',1656,'good');
INSERT INTO family VALUES(36,'Dominic Lind af ætt Ísfólksins',1730,28,27,'M',1652,'good');
INSERT INTO family VALUES(37,'Nikulás Lind af ætt Ísfólksins',1713,30,29,'M',1655,'good');
INSERT INTO family VALUES(38,'Sören Grip',1710,NULL,NULL,'M',1663,NULL);
INSERT INTO family VALUES(39,'Christiana Stege',1756,33,32,'F',1677,NULL);
INSERT INTO family VALUES(40,'Elísa Larsdóttir',1747,NULL,NULL,'F',1674,NULL);
INSERT INTO family VALUES(41,'Úlfhéðinn Paladín af ætt Ísfólksins',1771,NULL,34,'M',1674,'converted');
INSERT INTO family VALUES(42,'Þengill III Lind af ætt Ísfólksins',1760,35,36,'M',1677,NULL);
INSERT INTO family VALUES(43,'Sigrid',1755,NULL,NULL,'F',1679,NULL);
INSERT INTO family VALUES(44,'Úlfur Lind af ætt Ísfólksins',1742,31,37,'M',1677,NULL);
INSERT INTO family VALUES(45,'Berit',1724,NULL,NULL,'F',1678,NULL);
INSERT INTO family VALUES(46,'Anna Gréta',1776,NULL,NULL,'F',1694,NULL);
INSERT INTO family VALUES(47,'Vendill Grip af ætt Ísfólksins',1775,39,38,'M',1694,NULL);
INSERT INTO family VALUES(48,'Jón Paladín af ætt Ísfólksins',1768,40,41,'M',1696,NULL);
INSERT INTO family VALUES(49,'Brynja',1763,NULL,NULL,'F',1697,NULL);
INSERT INTO family VALUES(50,'Madeleine',1770,NULL,NULL,'F',1699,NULL);
INSERT INTO family VALUES(51,'Dan Lind af ætt Ísfólksins',1769,43,42,'M',1697,NULL);
INSERT INTO family VALUES(52,'Ingiríður Lind af ætt Ísfólksins',1789,45,44,'F',1698,'good');
INSERT INTO family VALUES(53,'Örjen Grip af ætt Ísfólksins',1780,46,47,'M',1723,NULL);
INSERT INTO family VALUES(54,'Shira',1790,NULL,47,'F',1716,'good');
INSERT INTO family VALUES(55,'Mar',1790,NULL,NULL,'M',1712,'converted');
INSERT INTO family VALUES(56,'Þóra',1790,NULL,NULL,'F',1720,NULL);
INSERT INTO family VALUES(57,'Úlfur Paladín af ætt Ísfólksins',1788,49,48,'M',1724,NULL);
INSERT INTO family VALUES(58,'Daníel Ingiríðarson Lind af ætt Ísfólksins',1773,52,51,'M',1717,NULL);
INSERT INTO family VALUES(59,'Vibekka',1770,NULL,NULL,'F',NULL,NULL);
INSERT INTO family VALUES(60,'Arfur Grip af ætt Ísfólksins',1832,NULL,53,'M',1748,NULL);
INSERT INTO family VALUES(61,'Vermundur Tark',1791,NULL,NULL,'M',1745,NULL);
INSERT INTO family VALUES(62,'Elísabet Paladín af ætt Ísfólksins',1791,56,57,'F',1750,NULL);
INSERT INTO family VALUES(63,'Sölvi Lind af ætt Ísfólksins',1779,NULL,58,'M',1749,'evil');
INSERT INTO family VALUES(64,'Ingela Lind af ætt Ísfólksins',1830,NULL,58,'F',1752,NULL);
INSERT INTO family VALUES(65,'Ólafur',1791,NULL,NULL,'M',1750,NULL);
INSERT INTO family VALUES(66,'Kajsa frá Vargaþorpi',1818,NULL,NULL,'F',1779,NULL);
INSERT INTO family VALUES(67,'Christer Grip (Hafgr.) af ætt Ísfólksins',1853,59,60,'M',1774,NULL);
INSERT INTO family VALUES(68,'Gunnhildur Grip af ætt Ísfólksins',1847,59,60,'F',1775,NULL);
INSERT INTO family VALUES(69,'Erlendur á Bakka',1845,NULL,NULL,'M',1773,NULL);
INSERT INTO family VALUES(70,'Vinga Tark',1848,62,61,'F',1777,NULL);
INSERT INTO family VALUES(71,'Heikir Lind af ætt Ísfólksins',1848,NULL,63,'M',1774,'good');
INSERT INTO family VALUES(72,'Sara',1815,NULL,NULL,'F',1769,NULL);
INSERT INTO family VALUES(73,'Óli Ólafsson af ætt Ísfólksins',1813,64,65,'M',1773,NULL);
INSERT INTO family VALUES(74,'Dóratea Hafgríms af ætt Ísfólksins',1860,66,67,'F',1800,NULL);
INSERT INTO family VALUES(75,'Tómas',1848,NULL,NULL,'M',1795,NULL);
INSERT INTO family VALUES(76,'Þula frá Bakka af ætt Ísfólksins',1848,68,69,'F',1800,NULL);
INSERT INTO family VALUES(77,'Sólveig',1855,NULL,NULL,'F',1788,NULL);
INSERT INTO family VALUES(78,'Eskill Lind af ætt Ísfólksins',1858,70,71,'M',1797,NULL);
INSERT INTO family VALUES(79,'Kolur Símonar',1859,NULL,NULL,'M',1799,NULL);
INSERT INTO family VALUES(80,'Anna María Óladóttir',1860,72,73,'F',1796,NULL);
INSERT INTO family VALUES(81,'Emma af ætt Ísfólksins',1880,74,NULL,'F',1825,NULL);
INSERT INTO family VALUES(82,'Petra Eiríksdóttir Nordlade af ætt Ísfólksins',1870,74,NULL,'F',1829,NULL);
INSERT INTO family VALUES(83,'Christer Tómasson af ætt Ísfólksins',1893,NULL,NULL,'M',1818,NULL);
INSERT INTO family VALUES(84,'Magdalena Backman',1895,76,75,'F',1820,NULL);
INSERT INTO family VALUES(85,'Viljar Lind af ætt Ísfólksins',1899,77,78,'M',1820,NULL);
INSERT INTO family VALUES(86,'Belinda',1900,NULL,NULL,'F',1830,NULL);
INSERT INTO family VALUES(87,'Lúcífer',NULL,NULL,NULL,'M',NULL,NULL);
INSERT INTO family VALUES(88,'Saga Símonardóttir af ætt Ísfólksins',1861,80,79,'F',1836,NULL);
INSERT INTO family VALUES(89,'Knútur Skogsrud af ætt Ísfólksins',1889,81,NULL,'M',1850,NULL);
INSERT INTO family VALUES(90,'Gerður Sveinsdóttir af ætt Ísfólksins',1888,82,NULL,'F',1855,NULL);
INSERT INTO family VALUES(91,'Malin Christersdóttir af ætt Ísfólksins',1916,84,83,'F',1842,NULL);
INSERT INTO family VALUES(92,'Per Volden',1913,NULL,NULL,'M',1841,NULL);
INSERT INTO family VALUES(93,'Annelí',1872,NULL,NULL,'F',1853,NULL);
INSERT INTO family VALUES(94,'Henning Lind af ætt Ísfólksins',1942,86,85,'M',1850,NULL);
INSERT INTO family VALUES(95,'Agneta',1915,NULL,NULL,'F',1848,NULL);
INSERT INTO family VALUES(96,'Úlfar af ætt Ísfólksins',1883,88,87,'M',1861,'evil');
INSERT INTO family VALUES(97,'Marco af ætt Ísfólksins',NULL,88,87,'M',1861,NULL);
INSERT INTO family VALUES(98,'Erling Skogsrud af ætt Ísfólksins',NULL,NULL,89,'M',1884,'evil');
INSERT INTO family VALUES(99,'Petra Ólafsdóttir af ætt Ísfólksins',1899,90,NULL,'F',1880,NULL);
INSERT INTO family VALUES(100,'Marit Svelten',1945,NULL,NULL,'F',1872,NULL);
INSERT INTO family VALUES(101,'Christoffer Volden af ætt Ísfólksins',1946,91,92,'M',1874,NULL);
INSERT INTO family VALUES(102,'Benedikta Lind af ætt Ísfólksins',NULL,93,94,'F',1872,NULL);
INSERT INTO family VALUES(103,'Sander Brink',1937,NULL,NULL,'M',1868,NULL);
INSERT INTO family VALUES(104,'Vanja Lind af ætt Ísfólksins',1910,95,96,'F',1884,NULL);
INSERT INTO family VALUES(105,'Tamlin djöfull næturinnar',NULL,NULL,NULL,'M',NULL,NULL);
INSERT INTO family VALUES(106,'Lindeló af ætt Ísfólksins',1897,NULL,96,'M',1879,NULL);
INSERT INTO family VALUES(107,'Knútur Skogsrud af ætt Ísfólksins',NULL,NULL,98,'M',1909,NULL);
INSERT INTO family VALUES(108,'Mali af ætt Ísfólksins',NULL,99,NULL,'F',1894,NULL);
INSERT INTO family VALUES(109,'barn sem deyr í fæðingu - bannfært',1899,99,NULL,NULL,1899,NULL);
INSERT INTO family VALUES(110,'Vetle Volden af ætt Ísfólksins',NULL,100,101,'M',1902,NULL);
INSERT INTO family VALUES(111,'Hanna',NULL,NULL,NULL,'F',1902,NULL);
INSERT INTO family VALUES(112,'André Brink af ætt Ísfólksins',NULL,102,103,'M',1892,NULL);
INSERT INTO family VALUES(113,'Christa Lind af ætt Ísfólksins',NULL,104,105,'F',1910,NULL);
INSERT INTO family VALUES(114,'Abel Gard',NULL,NULL,NULL,'M',1893,NULL);
INSERT INTO family VALUES(115,'Imri',NULL,NULL,97,NULL,NULL,NULL);
INSERT INTO family VALUES(116,'Ellen Skogsrud af ætt Ísfólksins',NULL,NULL,107,'F',1938,NULL);
INSERT INTO family VALUES(117,'Óli Jörgen',NULL,NULL,NULL,'M',1918,NULL);
INSERT INTO family VALUES(118,'María Volden af ætt Ísfólksins',NULL,111,110,'F',1922,NULL);
INSERT INTO family VALUES(119,'Jónatan af ætt Ísfólksins',NULL,111,110,'M',1924,NULL);
INSERT INTO family VALUES(120,'Elísabet',NULL,NULL,NULL,'F',1929,NULL);
INSERT INTO family VALUES(121,'Jóakim Gard',NULL,NULL,NULL,'M',1920,NULL);
INSERT INTO family VALUES(122,'Karina af ætt Ísfólksins',NULL,111,110,'F',1926,NULL);
INSERT INTO family VALUES(123,'Ríkharður Brink af ætt Ísfólksins',NULL,108,112,'M',1913,NULL);
INSERT INTO family VALUES(124,'Vinnie Dahlen',NULL,NULL,NULL,'F',1909,NULL);
INSERT INTO family VALUES(125,'Nataníel Gard af ætt Ísfólksins',NULL,113,114,'M',1933,NULL);
INSERT INTO family VALUES(126,'Christel',NULL,118,117,'F',1942,NULL);
INSERT INTO family VALUES(127,'Marianna',NULL,118,117,'F',1943,NULL);
INSERT INTO family VALUES(128,'Jörgen',NULL,118,117,'M',1944,NULL);
INSERT INTO family VALUES(129,'Mads',NULL,118,117,'M',1945,NULL);
INSERT INTO family VALUES(130,'Oddur',NULL,118,117,'M',1946,NULL);
INSERT INTO family VALUES(131,'Finnur',NULL,120,119,'M',1946,NULL);
INSERT INTO family VALUES(132,'Óli',NULL,120,119,'M',1947,NULL);
INSERT INTO family VALUES(133,'Gróa',NULL,120,119,'F',1948,NULL);
INSERT INTO family VALUES(134,'Gabriel Gard af ætt Ísfólksins',NULL,122,121,'M',1948,NULL);
INSERT INTO family VALUES(135,'Þúfa Brink',NULL,124,123,'F',1937,'converted');
INSERT INTO family VALUES(136,'Gandur',NULL,NULL,115,'M',NULL,NULL);
INSERT INTO family VALUES(200,'Inu',NULL,NULL,NULL,NULL,NULL,'good');
INSERT INTO family VALUES(201,'Hann-sem-fæddist-í-dyrunum',NULL,NULL,NULL,'M',NULL,'good');
INSERT INTO family VALUES(202,'Stjarna',NULL,NULL,NULL,NULL,NULL,'good');
INSERT INTO family VALUES(203,'Gawar',NULL,NULL,NULL,NULL,NULL,'good');
INSERT INTO family VALUES(204,'Hiir',NULL,NULL,NULL,NULL,NULL,'good');
INSERT INTO family VALUES(205,'Auga illskurnar',NULL,NULL,NULL,NULL,NULL,'evil');
INSERT INTO family VALUES(206,'Dída',NULL,NULL,NULL,'F',NULL,'good');
INSERT INTO family VALUES(207,'Hanna',NULL,NULL,NULL,'F',NULL,'evil');
INSERT INTO family VALUES(208,'Grímur',NULL,NULL,NULL,'M',NULL,'evil');
INSERT INTO family VALUES(209,'Gúrú',NULL,NULL,NULL,NULL,NULL,'evil');
INSERT INTO family VALUES(210,'Halkatla',NULL,NULL,NULL,'F',NULL,'converted');
INSERT INTO family VALUES(211,'Estríður',NULL,NULL,NULL,'F',NULL,'good');
INSERT INTO family VALUES(212,'Ghil grimmi, sonur Þengils',NULL,NULL,NULL,'M',NULL,'evil');
INSERT INTO family VALUES(213,'Ingigerður',NULL,NULL,NULL,'F',NULL,'evil');
INSERT INTO family VALUES(214,'Jahas',NULL,NULL,NULL,NULL,NULL,'good');
INSERT INTO family VALUES(215,'Kat-Ghil, sonur sonarsonar Þengils hins illa',NULL,NULL,NULL,'M',NULL,'evil');
INSERT INTO family VALUES(216,'Kat, sonarsonur Þengils hins illa',NULL,NULL,NULL,'M',NULL,'evil');
INSERT INTO family VALUES(218,'Olaves Krestiernsson',NULL,NULL,NULL,'M',NULL,'evil');
INSERT INTO family VALUES(219,'Páll "vinnumaðurinn" sem gabbaði Eskil',NULL,NULL,NULL,'M',NULL,'evil');
INSERT INTO family VALUES(220,'Sigleikur',NULL,NULL,NULL,'M',NULL,'good');
INSERT INTO family VALUES(221,'Skelfingin',NULL,NULL,NULL,NULL,NULL,'evil');
INSERT INTO family VALUES(224,'Targenor',NULL,NULL,NULL,'M',NULL,'good');
INSERT INTO family VALUES(225,'Tobba',NULL,NULL,NULL,'F',NULL,'evil');
INSERT INTO family VALUES(227,'Vega',NULL,NULL,NULL,'F',NULL,'evil');
INSERT INTO family VALUES(228,'Vetrarsorg, sonur Þengils hins illa',NULL,NULL,NULL,'M',NULL,'evil');
CREATE TABLE marriage (
    female INTEGER REFERENCES family(id),
    male INTEGER REFERENCES family(id),
    remark boolean default false
);
INSERT INTO marriage VALUES(3,2,NULL);
INSERT INTO marriage VALUES(7,6,NULL);
INSERT INTO marriage VALUES(9,8,NULL);
INSERT INTO marriage VALUES(10,11,NULL);
INSERT INTO marriage VALUES(12,11,NULL);
INSERT INTO marriage VALUES(13,14,NULL);
INSERT INTO marriage VALUES(15,16,NULL);
INSERT INTO marriage VALUES(19,18,NULL);
INSERT INTO marriage VALUES(22,21,NULL);
INSERT INTO marriage VALUES(23,24,NULL);
INSERT INTO marriage VALUES(25,26,NULL);
INSERT INTO marriage VALUES(28,27,NULL);
INSERT INTO marriage VALUES(30,29,NULL);
INSERT INTO marriage VALUES(31,37,NULL);
INSERT INTO marriage VALUES(33,32,NULL);
INSERT INTO marriage VALUES(35,36,NULL);
INSERT INTO marriage VALUES(39,38,NULL);
INSERT INTO marriage VALUES(40,41,NULL);
INSERT INTO marriage VALUES(43,42,NULL);
INSERT INTO marriage VALUES(45,44,NULL);
INSERT INTO marriage VALUES(46,47,NULL);
INSERT INTO marriage VALUES(49,48,NULL);
INSERT INTO marriage VALUES(50,51,NULL);
INSERT INTO marriage VALUES(52,51,'dashed');
INSERT INTO marriage VALUES(54,55,NULL);
INSERT INTO marriage VALUES(56,57,NULL);
INSERT INTO marriage VALUES(59,60,NULL);
INSERT INTO marriage VALUES(62,61,NULL);
INSERT INTO marriage VALUES(64,65,NULL);
INSERT INTO marriage VALUES(66,67,NULL);
INSERT INTO marriage VALUES(68,69,NULL);
INSERT INTO marriage VALUES(70,71,NULL);
INSERT INTO marriage VALUES(72,73,NULL);
INSERT INTO marriage VALUES(76,75,NULL);
INSERT INTO marriage VALUES(77,78,NULL);
INSERT INTO marriage VALUES(80,79,NULL);
INSERT INTO marriage VALUES(84,83,NULL);
INSERT INTO marriage VALUES(86,85,NULL);
INSERT INTO marriage VALUES(88,87,NULL);
INSERT INTO marriage VALUES(91,92,NULL);
INSERT INTO marriage VALUES(93,94,NULL);
INSERT INTO marriage VALUES(95,94,NULL);
INSERT INTO marriage VALUES(95,96,'dashed');
INSERT INTO marriage VALUES(100,101,NULL);
INSERT INTO marriage VALUES(102,103,'dashed');
INSERT INTO marriage VALUES(104,105,'dashed');
INSERT INTO marriage VALUES(108,112,NULL);
INSERT INTO marriage VALUES(111,110,NULL);
INSERT INTO marriage VALUES(113,114,NULL);
INSERT INTO marriage VALUES(118,117,NULL);
INSERT INTO marriage VALUES(120,119,NULL);
INSERT INTO marriage VALUES(122,121,NULL);
INSERT INTO marriage VALUES(124,123,NULL);
CREATE TABLE storytel_isfolkid (
    id INTEGER PRIMARY KEY,
    is_title TEXT,
    reader TEXT,
    reviews INTEGER,
    rating REAL,
    length INTEGER,
    audiobook DATE,
    ebook DATE,
    description TEXT
);
INSERT INTO storytel_isfolkid VALUES(1,'Álagafjötrar','Þuríður Blær Jóhannsdóttir',1104,4.400000000000000356,384,'2018-07-06','2017-05-09','Silja Arngrímsdóttir var varla 17 ára þegar öll fjölskylda hennar dó í plágunni miklu 1581 og hún lenti sjálf á vergangi. Köld og hungruð, með tvö munaðarlaus smábörn gekk hún að líkbrennunni við Þrándheim til að ylja sér. Aðeins einn maður liðsinnti henni í neyðinni … alræmdur maður af ætt Ísfólksins. Silju fannst hann ógnvekjandi … en jafnframt einkennilega aðlaðandi …');
INSERT INTO storytel_isfolkid VALUES(2,'Nornaveiðar','Þuríður Blær Jóhannsdóttir',969,4.5,358,'2018-07-12','2017-05-09','Silja og Þengill fundu friðsælan blett í dal Ísfólksins og Silja var hamingjusöm þar sem eiginkona Þengils. Samt þráði hún að komast út, fannst hún innilokuð í þrönga dalnum, með öllu þessu skrýtna, þröngsýna fólki. Einkum var hún smeyk við Hönnu, gömlu nornina sem kenndi Sunnu litlu galdrakúnstir sínar. Að auki vofði ógnin um tortímingu dalsins alltaf yfir. Hanna hafði spáð því og henni skjátlaðist aldrei …');
INSERT INTO storytel_isfolkid VALUES(3,'Hyldýpið','Þuríður Blær Jóhannsdóttir',844,4.5,387,'2018-07-19','2017-05-09','Sunna Angelíka var orðin tvítug og hélt út í hinn stóra heim. Loksins var hún frjáls og gat leitað uppi nornirnar við Brösarps-hæðir, tilbeðið fursta myrkranna og gert allt sem hana hafði svo lengi dreymt um. Sunna var þó ekki með allan hugann við það illa. Hún var reiðubúin að leggja allt í sölurnar fyrir sína nánustu, jafnvel fórna lífi nú ...');
INSERT INTO storytel_isfolkid VALUES(4,'Vonin','Þuríður Blær Jóhannsdóttir',739,4.5,388,'2018-07-26','2017-05-09','Yrja Mattíasdóttir var þunglamaleg og afmynduð í vexti eftir veikindi í bernsku. Það var hlegið að henni og hún uppnefnd. Yrja átti við fleira að stríða: Hún var ástfangin af hinum glæsilega Taraldi, syni Dags Meiden og Lífar af ætt Ísfólksins. Taraldur sá hins vegar bara Sunnivu frænku sína. En sökum arfsins illa gat samband þeirra haft ófyrirséðar afleiðingar…');
INSERT INTO storytel_isfolkid VALUES(5,'Dauðasyndin','Þuríður Blær Jóhannsdóttir',693,4.599999999999999644,293,'2018-08-02','2017-05-09','Í Evrópu geisaði Þrjátíu ára stríðið og ungir menn af ætt Ísfólksins voru kvaddir í herinn. Cesilja Meiden, dótturdóttir Þengils, átti líka við vanda að stríða. Í jólafríinu heima varð hún ófrísk eftir kvæntan mann sem í þokkabót var prestur. Góðvinur hennar í Kaupmannahöfn, Alexander Paladin, var ekki síður illa staddur. Sagt var að hann væri svo bersyndugur að dauðarefsing væri óumflýjanleg…');
INSERT INTO storytel_isfolkid VALUES(6,'Illur arfur','Þuríður Blær Jóhannsdóttir',729,4.599999999999999644,356,'2018-08-16','2017-05-09','Árið er 1633. Þorri Lind af Ísfólkinu hafði lofað Þengli afa sínum að finna verðugan erfingja að leynilegum uppskriftum ættarinnar. Þorri valdi Mattías, yngir hálfbróður hins útsmogna Kolgríms. Þegar Kolgrímur heyrði það, braust hið illa út í honum af fullum krafti og hann tók til sinna ráða … Tvíburarnir Gabríela og Þráinn eru fædd og uppalin í Danmörku. Gabríela er að fara til Noregs og heimsækja afa sinn og ömmu. Vera Gabríelu í Noregi hefur mikil áhrif á alla fjölskylduna þar.');
INSERT INTO storytel_isfolkid VALUES(7,'Draugahöllin','Þuríður Blær Jóhannsdóttir',703,4.5,351,'2018-08-23','2017-05-09','Þegar Þráinn Paladin hitti dauðskelfda stúlku úti í skógi varð hann ástfanginn í fyrsta sinn. Hann fór síðan að leita hennar en fann þá höll sem ekki var til lengur ... Og konu sem hafði verið uppi fyrir áratugum. Hafði þetta verið martröð eða var hann að ganga af vitinu? Voru hin einkennilegu álög Ísfólksins kannski að hrekkja hann?');
INSERT INTO storytel_isfolkid VALUES(8,'Dóttir böðulsins','Þuríður Blær Jóhannsdóttir',632,4.5,367,'2018-08-30','2017-05-09','Hilda er dóttir böðulsins og þess vegna fyrirlitin og hædd af öllum. Fjórar konur finnast myrtar skammt frá kotbýli feðginanna. Er varúlfur á kreiki? Rannsóknin breytir lífi Hildu, hún þarf út á meðal fólks og kynnist þá Mattíasi Meiden og Andrési Lind af Ísfólkinu. Þegar fimmta morðið er framið neyðist hún til að flytja að heiman …');
INSERT INTO storytel_isfolkid VALUES(9,'Skuggi fortíðar','Þuríður Blær Jóhannsdóttir',690,4.5,408,'2018-09-06','2017-05-09','Mikael Lind af Ísfólkinu var einmana og vansæll. Alla sína ævi hafði hann þurft að gera öðrum til hæfis. Þegar hann var neyddur til að giftast hinni teprulegu, strangtrúuðu Anette og síðan sendur beint í stríðið sem hann fyrirleit, fannst honum lífinu lokið. Kynni hans af dularfullri, svartklæddri konu í fjarlægu landi virtust náðarhöggið …');
INSERT INTO storytel_isfolkid VALUES(10,'Vetrarhríð','Þuríður Blær Jóhannsdóttir',650,4.400000000000000356,374,'2018-09-13','2017-05-09','Sautján ára varð Villimey Kalebsdóttir yfir sig ástfangin af Eldari frá Svartaskógi, átta árum eldri. Engu skipti hana að allir sögðu hann forhert illmenni og samviskulausan kvennabósa að auki. Villimey galt blinda ást sína og traust á Eldari dýru verði. Vegna samvistanna við hann dróst hún inn í átök, uppreisn og blóðhefnd …');
INSERT INTO storytel_isfolkid VALUES(11,'Blóðhefnd','Þuríður Blær Jóhannsdóttir',658,4.5,344,'2018-09-27','2017-05-09','Óheppni í ástum varð til þess að Villimey Kalebsdóttir dróst inn í morðið á syni Woller-bóndans. Faðirinn hét því að ná fram hefndum… hvað sem það kostaði. Þegar Villimey lenti í hverjum óförunum á fætur öðrum leitaði hún hjálpar Dominics frænda síns. Dominic kom á vettvang, en þá var Villimey horfin sporlaust …');
INSERT INTO storytel_isfolkid VALUES(12,'Ástarfuni','Þuríður Blær Jóhannsdóttir',668,4.5,356,'2018-10-04','2017-05-09','Villimey gat ekki gleymt sínum heittelskaða Dominic þótt fjölskyldan reyndi eftir megni að halda þeim aðskildum. Þegar þau hittust loks í Danmörku var þrá þeirra orðin óslökkvandi eldur. Villimey stakk af frá fjölskyldunni og elti Dominic á hættuslóðir þar sem illræmdir skæruliðar drápu alla ókunnuga …');
INSERT INTO storytel_isfolkid VALUES(13,'Fótspor Satans','Þuríður Blær Jóhannsdóttir',673,4.5,368,'2018-10-11','2017-05-09','Spor hans voru óhugnanleg, annað eftir nakinn mannsfót og hitt eitthvað annað. Hann óð um landið eins og sá vondi sjálfur og drap alla sem ógnuðu honum. Dominic, Villimey og Nikulás af Ísfólkinu vissu að þeim var ætlað að stöðva ófreskjuna en það yrði þrautin þyngri því hún virtist ódauðleg …');
INSERT INTO storytel_isfolkid VALUES(14,'Síðasti riddarinn','Katrín Halldóra Sigurðardóttir',623,4.099999999999999644,338,'2018-10-18','2017-05-09','Tristan Paladin var sá viðkvæmasti og óhamingjusamasti af Ísfólkinu. Hann hafði fátt að lifa fyrir. Svo kynntist hann Hildigerði sem átti grimman mann og var auk þess alvarlega veik. Tristan var riddari að eðlisfari og vildi hjálpa vesalings konunni. Þannig kynntist hann illri leynireglu sem ástundaði mannfórnir og vildi steypa konunginum af stóli …');
INSERT INTO storytel_isfolkid VALUES(15,'Austanvindar','Katrín Halldóra Sigurðardóttir',614,4.099999999999999644,314,'2018-10-25','2017-05-09','Þegar Karl 12. ákvað að leggja undir sig Rússland, grunaði hann ekki þvílíkri sorg og eymd það ylli. Vendill Grip af Ísfólkinu var einn þeirra sem lentu í fangabúðum í Síberíu. Loks tókst Vendli að strjúka á bátskænu og stórfljótin báru hann til norðurs, að freðmýrunum við strönd Karahafs … og af tilviljun hitti hann þar fyrir fjarskylda afkomendur Ísfólksins …');
INSERT INTO storytel_isfolkid VALUES(16,'Gálgablómið','Katrín Halldóra Sigurðardóttir',529,4.299999999999999823,312,'2018-11-08','2017-05-09','Þrjú af ætt Ísfólksins lögðu í langferð norður í dal Ísfólksins, Dan Lind og tvö álagabörn, Ingunn Lind og Úlfhéðinn Paladin, sem bæði voru gædd yfirskilvitlegum eiginleikum.Tilgangur Dans með ferðinni var vísindalegur, en hin tvö vildu ná galdrarótinni voldugu sem þau töldu leynast þarna, alrúninni. Hún kallaðist líka gálgablómið af því sagt var að hún yxi við gálga …');
INSERT INTO storytel_isfolkid VALUES(17,'Garður dauðans','Katrín Halldóra Sigurðardóttir',504,4.200000000000000177,367,'2018-11-15','2017-05-09','Daníel Lind af Ísfólkinu fór á eigin spýtur alla leið til byggða Nenetsa við Karahaf. Þar kynntist hann Shiru, dóttur Vendils. Hún var útvalin til að tortíma illri arfleifð ættarinnar. Fyrst þurfti Shira þó að líða ofurmannlegar þrautir sem meðal annars fólust í öngu og skelfilegu ferðalagi um sjálfan garð dauðans …');
INSERT INTO storytel_isfolkid VALUES(18,'Gríman fellur','Svandís Dóra Einarsdóttir',558,4.400000000000000356,390,'2018-11-22','2017-05-09','Elísabet Paladin var ákveðin og sjálfstæð og kærði sig kollótta um tal móður sinnar um fínar fjölskyldur og ríkan eiginmann. Enginn karlmaður hafði vakið áhuga hennar hingað til ... en svo hitti hún Vermund Tark. Þegar Vermundur kom til að ræða hjúskaparmál við foreldra hennar var hann þó ekki á biðilsbuxunum sjálfur ... heldur í erindum yngri bróður síns …');
INSERT INTO storytel_isfolkid VALUES(19,'Tennur drekans','Svandís Dóra Einarsdóttir',533,4.5,360,'2018-11-29','2017-05-09','Sölvi Lind af Ísfólkinu var nær fullorðinn þegar hann uppgötvaði að hann var álagabarn með óvenjulega hæfileika. Hann fékk allt sem hann óskaði sér, þótt það væri neikvætt og glæpsamlegt. Sölvi nýtti sér hæfileikann til að auðgast og næla í fagrar ástkonur. Svo var honum sagt að hann ætti son … ófreskju sem enginn fengi nokkru sinni að sjá …');
INSERT INTO storytel_isfolkid VALUES(20,'Hrafnsvængir','Svandís Dóra Einarsdóttir',518,4.5,414,'2018-12-06','2017-05-09','Í drungalegum dal í fjöllum Transilvaníu var að finna gleymt þorp og ógnvekjandi kastala skammt frá. Margir höfðu álpast þangað en enginn snúið aftur. Þangað fóru líka Heikir Lind og félagar hans, Mira og Pétur. Þau komust að því að þorpsbúar lifðu í stöðugum ótta sem tengdist Feodoru furstafrú og hinni fögru Nicolu í kastalanum …');
INSERT INTO storytel_isfolkid VALUES(21,'Um óttubil','Svandís Dóra Einarsdóttir',496,4.5,417,'2018-12-20','2017-05-09','Gunnhildur í Knappholti ólst upp í guðsótta og góðum siðum og fékk iðulega skammir fyrir brot sem hún framdi ekki. Faðir hennar vildi gifta hana Arfi Grip, en hún elskaði annan. Svo kom ættingi Arfs, Heikir Lind af Ísfólkinu, í sveitina. Með sérstakri næmni sinni fann hann að bæði Arfur og Gunnhildur þurftu hjálp hans – og hann sá líka ógnina sem stafaði frá gjá í skóginum um óttubil …');
INSERT INTO storytel_isfolkid VALUES(22,'Jómfrúin og vætturin','Svandís Dóra Einarsdóttir',533,4.599999999999999644,414,'2018-12-27','2017-05-09','Um síðir náði Heikir Lind af Ísfólkinu til Noregs og hugðist gera tilkall til arfleifðar sinnar. En allir ættingjar hans þar voru dánir og svikari hafði sölsað undir sig Grásteinshólma, Lindigarð og Elíbakka. Heikir var ráðþrota þar til hann komst á snoðir um að mannfælin stúlka ráfaði um skóginn eins og skuggi…');
INSERT INTO storytel_isfolkid VALUES(23,'Vorfórn','Svandís Dóra Einarsdóttir',511,4.599999999999999644,454,'2019-01-03','2017-05-09','Vinga Tark og Heikir Lind, bæði af Ísfólkinu, berjast við að endurheimta eignir ættarinnar. Enn situr þó hinn spillti Snivel dómari sem fastast á Grásteinshólma, arfleifð Heikis. Til að sigra dómarann varð Heikir að kalla til yfirnáttúrleg öfl. Jómfrú gæti hjálpað en væri hann fús til að fórna sinni heittelskuðu Vingu?');
INSERT INTO storytel_isfolkid VALUES(24,'Í iðrum jarðar','Svandís Dóra Einarsdóttir',510,4.5,434,'2019-01-10','2017-05-09','Anna María Óladóttir kom í sænska námubæinn Ystuheiði til að kenna börnum verkamanna. Ekki voru allir ánægðir með veru hennar þar og loks reyndi einhver að drepa hana. Hún skrifaði Heiki frænda sínum í Noregi og bað um hjálp. Hann kom ... á síðustu stundu, því nú voru fleiri í hættu ... Var einhver að vekja Þengil illa sem svaf í iðrum jarðar?');
INSERT INTO storytel_isfolkid VALUES(25,'Guðsbarn eða galdranorn','Svandís Dóra Einarsdóttir',560,4.5,384,'2019-01-17','2017-05-09','Þula frá Bakka sá ung að hún var öðruvísi en aðrir. Hún beitti ekki hæfileikum sínum bara til góðs og þá var ljóst að hún var álagabarn. En ill öfl, miklu sterkari en hún, gerðu sínar áætlanir. Þengill illi hafði valið Þulu til að vekja sig með flaututónum. Hver var þáttur Tómasar, fatlaða flautusmiðsins, í málinu? Heikir fór með Þulu heim á Grásteinshólma til að reyna að bjarga henni. Var hún Guðsbarn eða galdranorn í eðli sínu?');
INSERT INTO storytel_isfolkid VALUES(26,'Álagahúsið','Svandís Dóra Einarsdóttir',504,4.5,391,'2019-02-21','2017-05-09','Sem barn heyrði Eskil Lind um álagahúsið í Eldafirði og mikinn fjársjóð sem þar væri falinn. Hann hugsaði oft um það og fór að leita þess þegar hann varð fullorðinn. En í Eldafirði fann hann ágirnd, illsku og konu með dauðveikan son. Allir sem leitað höfðu fjársjóðsins höfðu hlotið snöggan og hroðalegan dauðdaga. Var Eskil útvalinn og höfðu forfeður hans búið þarna?');
INSERT INTO storytel_isfolkid VALUES(27,'Hneykslið','Svandís Dóra Einarsdóttir',511,4.5,421,'2019-03-07','2017-05-09','Christer Tómasson var sannfærður um að vera eitt af álagabörnum Ísfólksins og þegar hann hitti hina veikburða og kúguðu Magdalenu var hann viss um að geta auðveldlega hjálpað henni með hæfileikum sínum. En Magdalena hvarf og önnur stúlka kom í hennar stað. Christer áttaði sig á því að hér var ekki allt með felldu og fékk öflugri ættingja sína til að leita með sér. Þegar sannleikurinn kom í ljós skók hneykslið alla Svíþjóð.');
INSERT INTO storytel_isfolkid VALUES(28,'Ís og eldur','Svandís Dóra Einarsdóttir',526,4.5,411,'2019-03-21','2017-05-09','Viljar, sonarsonur Heikis og Vingu, er einrænn, fálátur og afar sérstakur. Það verður hlutskipti hans að fara með Heiki og Þulu upp í dal Ísfólksins og berjast við Þengil illa. Snögglega dimmir yfir hjá Ísfólkinu í Grásteinshólmasókn. Það fækkar í ættinni og hún missir megnið af eignunum. Viljar þarf á öllum sínum styrk að halda þegar hann stendur nánast einn eftir …');
INSERT INTO storytel_isfolkid VALUES(29,'Ástir Lúcífers','Svandís Dóra Einarsdóttir',515,4.5,404,'2019-04-04','2017-05-09','Sagan hefst á Íslandi en um sama leyti er Saga Símonar, álagabarn af Ísfólkinu, á leið frá Svíþjóð til Noregs vegna skilaboða að handan. Örlögin haga því þannig að hún fær tvo glæsilega ævintýramenn sem ferðafélaga. Annar þeirra verður altekinn þrá til Sögu og vafasamt er að hinn sé nógu sterkur til að afstýra vandræðum. Saga elskar annan þeirra en hver er sá í raun?');
INSERT INTO storytel_isfolkid VALUES(30,'Ókindin','Svandís Dóra Einarsdóttir',495,4.5,421,'2019-04-18','2017-05-09','Tvíburarnir Marco og Úlfar, synir Sögu, eru eins ólíkir og hugsast getur. Marco er undurfagur í alla staði, en Úlfar með versta útlit og innræti álagabarna Ísfólksins. Þar sem Belinda og Viljar virðast með öllu horfin lendir umönnun tvíburanna á syni þeirra, Henning Lind og Malinu, dóttur Christers. Af hverju birtast alltaf úlfar þegar hætta steðjar að Lindigarði?');
INSERT INTO storytel_isfolkid VALUES(31,'Ferjumaðurinn','Svandís Dóra Einarsdóttir',473,4.400000000000000356,441,'2019-05-09','2017-05-09','Benedikta Lind, dóttir Hennings, er bæði álagabarn og útvalin og Þengill illi óttast hana. Hann seiðir hana á stað þar sem ekki er allt með feldu. Við sögu kemur álagahús og dularfull lík finnast. Benedikta verður ástfangin en það er vonlaust. Hún á í vanda með ferjumann, 600 ára afturgöngu, en loks berst henni hjálp úr óvæntri átt ...');
INSERT INTO storytel_isfolkid VALUES(32,'Hungur','Svandís Dóra Einarsdóttir',461,4.400000000000000356,421,'2019-05-23','2017-05-09','Kristófer Volden er orðinn læknir, vinsæll og vel efnaður. Hann lofar dauðvona stúlku að giftast henni en þegar henni batnar fær hann bakþanka ... enda trúlofaður annarri. Hann sendir eftir Benediktu þegar skæð pest kemur upp á spítalanum og virðist læknunum ofviða. Hún fer þangað með son sinn og henni verður mikið um þegar hún sér einn sjúklinganna …');
INSERT INTO storytel_isfolkid VALUES(33,'Martröð','Svandís Dóra Einarsdóttir',452,4.5,453,'2019-06-06','2017-05-09','Næturdímoninn Tamlin er sendur af Þengli illa til að njósna um Ísfólkið. Hann vitjar þess í martröðum og rænir það öllum áætlunum um framtíðina. En Þengill gerði ekki ráð fyrir Vönju, dóttur Agnetu og Úlfars. Hún býr yfir afar sérstökum hæfileikum, jafnvel á mælikvarða Ísfólksins. Enginn sér Tamlin nema Vanja og hún verður ástfangin af honum. Of seint kemst hún að því á hvers snærum hann er …');
INSERT INTO storytel_isfolkid VALUES(34,'Konan á ströndinni','Svandís Dóra Einarsdóttir',439,4.400000000000000356,430,'2019-06-20','2017-05-09','Andri Brink vill finna álagabarn Ísfólksins af sinni kynslóð. Í Þrándheimi hafði fæðst vanskapað, andvana barn. Gat það verið af grein Ísfólksins sem enginn vissi um? Hann heyrir söguna um meyjarnar í Vargaþorpi, kynnist Malí og Nettu og þau rekja ættina til Svíþjóðar. Þar er fyrir ill vera sem í heila öld hefur beðið þess að hefna sín á afkomanda Ísfólksins …');
INSERT INTO storytel_isfolkid VALUES(35,'Myrkraverk','Svandís Dóra Einarsdóttir',425,4.400000000000000356,452,'2019-07-04','2017-05-09','Á fenjasvæðum á Spáni var tónlistarmaður að gera tilraunir með galdratóna. Það nægði til þess að koma hreyfingu á Þengil illa. Í ofboði er hinn 14 ára Vetli af Ísfólkinu sendur til að eyðileggja nóturnar áður en hamfarir ógnuðu heiminum. En Þengill hefur öfluga útsendara og einum þeirra verstu er falið að stöðva Vetla með því að hrekja hann út í kviksyndin …');
INSERT INTO storytel_isfolkid VALUES(36,'Galdratungl','Svandís Dóra Einarsdóttir',406,4.5,449,'2019-07-18','2017-05-09','Christa Lind á að fæða einstaka barnið sem síðar á að berjast við Þengil illa. Líf hennar breytist þegar hún uppgötvar að hún er í raun dóttir næturdímonsins Tamlins. Frank, stjúpi hennar, vill gifta hana ekklinum Abel sem er mun eldri og á sjö syni. Henni líst öllu betur á fátæka vinnumanninn Lindeló, sem er dularfullur og spennandi. Óhugnanleg vera læðist um á næturnar og á morgnana finnast líkin …');
INSERT INTO storytel_isfolkid VALUES(37,'Vágestur','Svandís Dóra Einarsdóttir',425,4.400000000000000356,425,'2019-07-25','2017-05-09','Kaldan janúardag árið 1937 berst bólusóttin til Halden með laumufarþega í skipi. Lögreglumaðurinn Ríkarð Brink af Ísfólkinu fær það verk að leita uppi smitbera. Skelfing grípur um sig og svikapresturinn Prunk vill að sem flestir deyi. Til að geta unnið verk sitt þarf Ríkarð að öðlast traust kúguðu stúlkunnar Vinníar Dalen sem mikið veltur á …');
INSERT INTO storytel_isfolkid VALUES(38,'Í skugga stríðsins','Svandís Dóra Einarsdóttir',415,4.400000000000000356,440,'2019-08-01','2017-05-09','Nasistar hertaka Noreg og systkinin Jónatan og Katrína af Ísfólkinu starfa fyrir andspyrnuhreyfinguna. Atburðir úr bernsku Katrínu kvelja hana svo hún er nánast mannfælin og Jónatan lendir í fangabúðum í Þýskalandi. Í kapphlaupi við tímann heldur leitin að Þengli litla áfram, meðan hann safnar kröftum til að jafna endanlega um afkomendur sína.');
INSERT INTO storytel_isfolkid VALUES(39,'Raddirnar','Svandís Dóra Einarsdóttir',390,4.299999999999999823,430,'2019-08-08','2017-05-09','Nataníel á að berjast við Þengil illa en er ungur og skortir reynslu. Ellen Knútsen upplifir margt sérkennilegt og lífi hennar er ógnað en hver er hún? Jafnvel Nataníel verður forviða á sannleikanum. Þau tvö eiga fleira sameiginlegt en hann hafði órað fyrir … og Þengill illi eignast með leynd bandamann innan Ísfólksfjölskyldunnar …');
INSERT INTO storytel_isfolkid VALUES(40,'Fangi tímans','Sigríður Eyrún Friðriksdóttir',412,4.400000000000000356,383,'2019-08-15','2017-05-09','Nataníel, Ellen og álagabarnið Þúfa rannsaka draugagang í ferju og lenda í hremmingum. Þúfa hverfur og þegar Nataníel leitar hennar rekst hann á Þengil illa. Minnstu munar að illa fari. Þúfa er ein þeirra sem eiga að berjast gegn Þengli illa en þar sem helsta skemmtun hennar er að gera ættingjum sínum lífið leitt, væri þá ekki snjallræði að hún gengi í lið með illa ættföðurnum í staðinn?');
INSERT INTO storytel_isfolkid VALUES(41,'Djöflafjallið','Sigríður Eyrún Friðriksdóttir',389,4.400000000000000356,397,'2019-08-29','2017-05-09','Ísfólkið, bæði lífs og framliðið, heldur fund í Djöflafjalli til að undirbúa átökin við Þengil illa. Þar ráðast margar gátur í ættarsögunni og hrikaleg saga Náttfarans er sögð. Nataníel, Þúfa og Ellen eiga að vinna náið saman og allir að hjálpa sem eitthvað kunna fyrir sér. Á fundinn kemur svo óvænt persóna sem enginn átti von á því að sjá …');
INSERT INTO storytel_isfolkid VALUES(42,'Úr launsátri','Sigríður Eyrún Friðriksdóttir',393,4.299999999999999823,414,'2019-09-12','2017-05-09','Eftir leynifundinn í Djöflafjalli var ljóst að baráttan við Þengil illa yrði erfiðari og hættulegri en nokkurn hafði órað fyrir. Fimm af Ísfólkinu leggja af stað norður í gamla dalinn til að vinna bug á ættarföðurnum en hann sendir skara handbendla sinna gegn þeim. Lengi vel verjast fimmmenningarnir en svo rofnar skarð í vörnina og þá er vægast sagt mjög illt í efni.');
INSERT INTO storytel_isfolkid VALUES(43,'Í blíðu og stríðu','Sigríður Eyrún Friðriksdóttir',357,4.5,368,'2019-09-26','2017-05-09','Orrustan við Þengil illa hefst á lífshættulegu kapphlaupi um að verða á undan honum í dal Ísfólksins og hindra að hann nái heiminum á vald sitt. Ísfólkið nýtur góðrar aðstoðar en hyski Þengils er sterkt og veitir enga miskunn. Í miðjum atganginum birtir til í ástalífi Þúfu og ennfremur koma óvæntar persónur við sögu, einkum ein sem enginn bjóst við að hitta aftur. Þetta voru svartir dagar í sögu Ísfólksins.');
INSERT INTO storytel_isfolkid VALUES(44,'Skapadægur','Sigríður Eyrún Friðriksdóttir',335,4.400000000000000356,354,'2019-10-10','2017-05-09','Þetta voru svartir dagar í sögu Ísfólksins. Kapphlaupið upp í dalinn er æðisgengið. Þengill illi og hægri hönd hans, hinn grimmi Lynx, beita öllu sínu illþýði gegn Ísfólkinu og bandamönnum þess og varpa mörgum í Svelginn, þaðan sem enginn á afturkvæmt. Að lokum búast hin fimm útvöldu til að berjast ein gegn hinum forherta ættföður sínum og böðli hans. Á fundinn kemur svo óvænt persóna sem enginn átti von á því að sjá …');
INSERT INTO storytel_isfolkid VALUES(45,'Böðullinn','Sigríður Eyrún Friðriksdóttir',335,4.400000000000000356,363,'2019-10-17','2017-05-09','Marco fær það nánast vonlausa verkefni að sigrast á Lynx, hinum grimma böðli Þengils illa, áður en hann fjarlægir fleiri af Ísfólkinu. En til þess þarf hann að vita hver Lynx er í raun. Marco má ekki nota sterkasta vopn sitt en leitar á náðir Christu og það gerbreytir lífi hennar …');
INSERT INTO storytel_isfolkid VALUES(46,'Svarta vatnið','Sigríður Eyrún Friðriksdóttir',333,4.5,381,'2019-10-24','2017-05-09','Þengill illi var nú tilbúinn að sigra heiminn. Hægt en örugglega nálgast hann hið svarta vatn illskunnar, en það gæti veitt honum ótakmörkuð völd. Nataníel og vinir hans sem voru send til að stöðva Þengil, tefjast stöðugt og lenda loks í miklum hremmingum í Svelgnum mikla ... þaðan sem engum hafði enn tekist að sleppa.');
INSERT INTO storytel_isfolkid VALUES(47,'Er einhver þarna úti?','Sigríður Eyrún Friðriksdóttir',395,4.299999999999999823,384,'2019-10-31','2017-05-09','Þengill illi var nú tilbúinn að sigra heiminn. Hægt en örugglega nálgast hann hið svarta vatn illskunnar, en það gæti veitt honum ótakmörkuð völd. Nataníel og vinir hans sem voru send til að stöðva Þengil, tefjast stöðugt og lenda loks í miklum hremmingum í Svelgnum mikla ... þaðan sem engum hafði enn tekist að sleppa.');
CREATE TABLE storytel_iskisur (
    episode INTEGER,
    part INTEGER,
    reviews INTEGER,
    rating REAL,
    length INTEGER,
    release DATE,
    description TEXT,
    PRIMARY KEY (episode, part)
);
INSERT INTO storytel_iskisur VALUES(0,0,49,3.5,24,'2019-03-07',replace(replace('Alla jafna sitja Helga og Kristín saman í stúdíóinu á meðan Birna hringir frá Reyðarfirði, en stundum sitja þær allar saman. Ískisur bregðast aldrei hlustendum sínum, því ef einhver forföll verða má alltaf búast við þætti með minnst tveimur Ískisum.\r\n\r\nFarið verður yfir allar 47 bækurnar og söguhetjur og atburðir dæmdir út frá nútíma gildum. Í hverjum þætti verður tekin fyrir hálf bók og í lok hvers þáttar kynnir Helga okkur fyrir sinni helstu dægradvöl með innslaginu Net-kisa vikunnar. Nýir hlustendur hljóðbókanna á Storytel geta því verið samferða Ískisunum í lestrinum, en eins geta gamlir aðdáendur öðlast nýja sýn á þessar ástsælu sögur.\r\n\r\nÍskisur taka hvorki ábyrgð á staðreynda- né málfarsvillum sem þær ýmist fara viljandi, en líklega óviljandi, rangt með.\r\n\r\nKisa vikunnar er læðan Fatso, Keyboard Cat hans Charlie Schmidt.\r\n\r\nÍSKISUR - pólitískt óréttsýnt hlaðvarp með léttu erótísku ívafi','\r',char(13)),'\n',char(10)));
INSERT INTO storytel_iskisur VALUES(1,1,18,3.799999999999999823,54,'2019-03-07',replace(replace('Árið er 1581 og við erum stödd í Þrándheimi. Þar kynnumst við Silju Arngrímsdóttur, 17 ára, munaðarlausri stelpuskjátu, sem finnur tvö börn á vergangi í Þrándheimi. Hún er góð kona, hrein mey að sjálfsögðu, en með takmarkaða tilfinningalega nærgætni. Silja bjargar yfirburða fallegum manni, Hemingi fógetadrápara, frá pyntingum og dauða og sú björgun reynist einnig björgun hennar og barnanna.\r\n\r\nHversu langt er Silja tilbúin að ganga til að eiga færi á að koma við fjölskyldudjásn Hemings? Hver er dýrslegi maðurinn? Hvernig skilgreinir maður kynslóðaskipti í ættartrjám? Hvaðan kemur „kvik“ í kviknakin? Hvað er sjálfsþrýstingur? Bæta röðunarhæfileikar upp afspyrnuléleg heimilisþrif?\r\n\r\nKisa vikunnar er læðan Cher Man Mjá, hinn þögli meðlimur ÍSKISA.\r\n\r\nÍSKISUR - vísindalega þenkjandi og hræðilega málfræði hlaðvarpið\r\n\r\nÍskisur er skemmtiþáttur þar sem þrjár vinkonur, Birna, Helga og Kristín, deila bókaklúbbnum sínum um Ísfólkið, létterótísku bókaseríuna sem tröllreið íslensku samfélagi á 9. áratuginum og sem nýtur gríðarlegra vinsælda hjá hlustendum Storytel í hljóð- og rafbókarformi. Alla jafna sitja Helga og Kristín saman í stúdíóinu á meðan Birna hringir frá Reyðarfirði, en stundum sitja þær allar saman.\r\n\r\nFarið verður yfir allar 47 bækurnar og söguhetjur og atburðir dæmdir út frá nútíma gildum. Í hverjum þætti verður tekin fyrir hálf bók og í lok hvers þáttar kynnir Helga okkur fyrir sinni helstu dægradvöl með innslaginu Net-kisa vikunnar. Nýir hlustendur hljóðbókanna á Storytel geta því verið samferða Ískisunum í lestrinum, en eins geta gamlir aðdáendur öðlast nýja sýn á þessar ástsælu sögur.','\r',char(13)),'\n',char(10)));
INSERT INTO storytel_iskisur VALUES(2,2,16,4.5,47,'2019-03-07',replace(replace('Spennan magnast á milli Silju og Þengils, ættforeldrum Ísfólksins. Abelóna frænka Benedikt kirkjumálara mætir á svæðið með akfeitu börnin sín og setur allt heimilislíf hjá Sunnu og félögum úr skorðum. Á endanum verður Silja að flýja Þrándheima með Þengli og börnunum tveimur og sækja skjóls í dal Ísfólksins.\r\n\r\nEn getur feitt fólk verið hamingjusamt ? Hvers vegna forðast Þengill Silju? Skilja draugar eftir sig spor í snjó ? Eru öll börn dímonar? Verða kofar aðframkomnir? Eru messur skemmtanir? Eru hurðir góðir siðgæðisverðir?\r\n\r\nKisa vikunnar eru instagram högnarnir Lulu og Farfor.\r\n\r\nÍSKISUR - Án aðdáenda eru þær einn og hálfur maður\r\n\r\nÍskisur er skemmtiþáttur þar sem þrjár vinkonur, Birna, Helga og Kristín, deila bókaklúbbnum sínum um Ísfólkið, létterótísku bókaseríuna sem tröllreið íslensku samfélagi á 9. áratuginum og sem nýtur gríðarlegra vinsælda hjá hlustendum Storytel í hljóð- og rafbókarformi. Alla jafna sitja Helga og Kristín saman í stúdíóinu á meðan Birna hringir frá Reyðarfirði, en stundum sitja þær allar saman.\r\n\r\nFarið verður yfir allar 47 bækurnar og söguhetjur og atburðir dæmdir út frá nútíma gildum. Í hverjum þætti verður tekin fyrir hálf bók og í lok hvers þáttar kynnir Helga okkur fyrir sinni helstu dægradvöl með innslaginu Net-kisa vikunnar. Nýir hlustendur hljóðbókanna á Storytel geta því verið samferða Ískisunum í lestrinum, en eins geta gamlir aðdáendur öðlast nýja sýn á þessar ástsælu sögur.','\r',char(13)),'\n',char(10)));
INSERT INTO storytel_iskisur VALUES(3,1,8,4.900000000000000355,50,'2019-03-14',replace(replace('Silja og Þengill og börnin þeirra lifa hamingjusömu lífi í dal Ísfólksins. En brátt steðjar hættan að og þau neyðast til þess að flýja með allt sitt hafurtask og steindu rúðuna líka! Nú eru góð ráð dýr fyrir kraftakvendið Silju - sem er ólétt í ofanálag.\r\n\r\nEn er Silja alveg glötuð týpa? Hversu mikill dólgur þarftu að vera til að ganga fram af Margit? Verðskulda kettir nöfn? Hvenær má stunda fjárkúgun? Vita mömmur alltaf best? Hversu ljót er Charlotte eiginlega?\r\n\r\nKisa vikunnar er sponsaðar kisunærbuxur.\r\n\r\nÍSKISUR - kisur eru ekki konur\r\n\r\nÍskisur er skemmtiþáttur þar sem þrjár vinkonur, Birna, Helga og Kristín, deila bókaklúbbnum sínum um Ísfólkið, létterótísku bókaseríuna sem tröllreið íslensku samfélagi á 9. áratuginum og sem nýtur gríðarlegra vinsælda hjá hlustendum Storytel í hljóð- og rafbókarformi. Alla jafna sitja Helga og Kristín saman í stúdíóinu á meðan Birna hringir frá Reyðarfirði, en stundum sitja þær allar saman.\r\n\r\nFarið verður yfir allar 47 bækurnar og söguhetjur og atburðir dæmdir út frá nútíma gildum. Í hverjum þætti verður tekin fyrir hálf bók og í lok hvers þáttar kynnir Helga okkur fyrir sinni helstu dægradvöl með innslaginu Net-kisa vikunnar. Nýir hlustendur hljóðbókanna á Storytel geta því verið samferða Ískisunum í lestrinum, en eins geta gamlir aðdáendur öðlast nýja sýn á þessar ástsælu sögur.','\r',char(13)),'\n',char(10)));
INSERT INTO storytel_iskisur VALUES(4,2,8,4.400000000000000356,57,'2019-03-21',replace(replace('Silja og Þengill eru orðnir bændur og landeigendur. Silja verður listmálarinn Arngrímur en nær aldrei almennilegum tökum á eldhúsverkunum. Þengill verður aðallæknir sveitarinnar með aðstoð villtu Sunnu sem reynir að vera þæg. En hvað verður um fjölskylduna þegar úlfur í sauðagæru kemur í heimsókn? Hvað gerir særingamaður? Gera skegg menn gamla? Hvað í ósköpunum gerir bartskeri? Hversu mikill draumafengur er Þengill? Hvað er kvíga?\r\n\r\nKisa vikunnar er töltandi högninn Mittens frá Ohio og meme-ið „your argument is invalid.“\r\n\r\nÍSKISUR - bjóða syndinni í kampavín\r\n\r\nÍskisur er skemmtiþáttur þar sem þrjár vinkonur, Birna, Helga og Kristín, deila bókaklúbbnum sínum um Ísfólkið, létterótísku bókaseríuna sem tröllreið íslensku samfélagi á 9. áratuginum og sem nýtur gríðarlegra vinsælda hjá hlustendum Storytel í hljóð- og rafbókarformi. Alla jafna sitja Helga og Kristín saman í stúdíóinu á meðan Birna hringir frá Reyðarfirði, en stundum sitja þær allar saman.\r\n\r\nFarið verður yfir allar 47 bækurnar og söguhetjur og atburðir dæmdir út frá nútíma gildum. Í hverjum þætti verður tekin fyrir hálf bók og í lok hvers þáttar kynnir Helga okkur fyrir sinni helstu dægradvöl með innslaginu Net-kisa vikunnar. Nýir hlustendur hljóðbókanna á Storytel geta því verið samferða Ískisunum í lestrinum, en eins geta gamlir aðdáendur öðlast nýja sýn á þessar ástsælu sögur.','\r',char(13)),'\n',char(10)));
INSERT INTO storytel_iskisur VALUES(5,1,4,4.0,61,'2019-03-28',replace(replace('Sunna er frjáls og ákveður að fara í heimsókn til Dags, fósturbróður síns, í Danmörku á meðan Líf og Ari Þengilsbörn eru ennþá í Noregi. Sunna lendir fljótt í ævintýrum sökum hæfileika sinna og Dagur á sig allan við að hafa hemil á fóstursystur sinni.\r\n\r\nEr Sunna blóðhundur? Hvað er í gangi á milli Lífs og Dags? Er barnaleikurinn Yfir bara undirbúningur fyrir brúðkaup? Skila leikrænir tilburðir sér í gegnum hlaðvörp? Hversu auðvelt er að ásaka konu um að vera norn? Hvað er sameiginlegt með nornum, vindverkjum og hungri? Er gamall og leiðinlegur hermaður betri en ungur og sætur hermaður? Hver þarfnast Sunnu?\r\n\r\nKisa vikunnar er Louis, högnin hans Nicholas Cage.\r\n\r\nÍSKISUR - Hvar er náttskugginn?!','\r',char(13)),'\n',char(10)));
INSERT INTO storytel_iskisur VALUES(6,2,4,5.0,60,'2019-04-04',replace(replace('Leit Sunnu að ástinni heldur áfram og hún finnur loksins leið til þess að komast til Blokksbergs þar sem hún hittir Myrkahöfðingjann. Ferð Sunnu um Skandinavíu er blóði drifin en fljótt fer glanslíf nornarinnar að hafa skemmandi áhrif.\r\n\r\nFór Sunna í trans? Munu ástir Sunnu og Jakobs brenna áfram eða koðna niður? Hver er aftur Meta? Mega uppeldissystkini giftast? Er Sunna eins vond og hún vill meina? Eru allar konur góðir innanhúsarktitektar? Er ljóta Charlotte meira aðlaðandi en fallega Sunna? Eru Blokksbergsferðir raunverulegar eða hugarbúningur uppdópaðra norna?\r\n\r\nKisa vikunnar er Garfield without Garfield.\r\n\r\nÍSKISUR - stöngin inn','\r',char(13)),'\n',char(10)));
INSERT INTO storytel_iskisur VALUES(7,1,5,4.799999999999999823,60,'2019-04-11',replace(replace('Lífið heldur áfram hjá Ísfólkinu og ættin tekur að stækka. Nú eru barnabörn Þengils og Sunnu í sviðsljósinu ásamt Yrju, leikfélaga þeirra af Eikarbæ. Meta, stúlkan sem var sköpuð til þess að gleymast, kynnist ástinni og konungsfólkið í Danmörku leitar til Ísfólksins til að hemja krakkaskarann sinn.\r\n\r\nEru staurar góðar barnfóstrur? Er Yrja falleg, gróf en með mikið rótarkerfi? Eru afmælisveislur réttur vettvangur til vals á ættarnafni? Hversu eðlilegt er að ræða við ömmu um ást á frænda sínum? Er í lagi að frændsystkini stingi saman nefjum svo lengi sem þau kyssast bara? Skiptir útlit mestu máli við val á kennara? Hvernig fara fjölskylduráðstefnur fram?\r\n\r\nKisa vikunnar er „handicat“ högninn Rexie\r\n\r\nÍSKISUR - með geggjuð rótarkerfi','\r',char(13)),'\n',char(10)));
INSERT INTO storytel_iskisur VALUES(8,2,5,5.0,52,'2019-04-18',replace(replace('Ævi Sunnivu tekur snöggan enda þegar hún fæðir son sinn, Kolgrím Óskabarn. Sorgin heltekur Tarald sem á erfitt með að sætta sig við að barn þeirra fallegu Sunnivu beri illa arfinn og líti jafn illa út og vera ber. Á meðan bíður vanskapaða Yrja eftir því að ástin hennar taki eftir henni. Cesilja er flutt til Danmerkur og eyðir dögum sínum við að ala upp krakka konungs á meðan kvöldin hennar fara í að vingast við Alexander Paladin.\r\n\r\nHvernig getur serían haldið áfram þegar allir og amma þeirra eru dánir? Hversu húmorslaus geta ungabörn verið? Er leiðin að hjarta mannsins í gegnum klósettsögur? Er hægt að elska barn með þríhyrningslaga axlir? Hvort er verra, landráð eða samkynhneigð? Hvernig á kona að átta sig á að hún eigi ekki vonbiðil heldur samkynhneigðan besta vin? Eru öll börn fædd á jólanótt heilög?\r\n\r\nKisa vikunnar er kisu meme-ið „Sorry I’m busy.“\r\n\r\nÍSKISUR - trúa ekki á kynlíf innan hjónabands','\r',char(13)),'\n',char(10)));
INSERT INTO storytel_iskisur VALUES(9,1,5,5.0,32,'2019-04-25',replace(replace('Cesilja, dóttir Lífar og Dags, kemur heim til Danmerkur eftir viðburðarmikið frí í Noregi.\r\nCesilja er ólétt eftir prestinn Martin og nú eru góð ráð dýr. Á sama tíma er besti vinur hennar, Alexander Paladin, á leið fyrir dómara vegna samkynhneigðar. En Cesilja deyr ekki ráðalaus og finnur lausn á vandamálum þeirra beggja.\r\n\r\nFinnur Cesilja fyrir frumubreytingum? Er Cesilja kraftaverkakona? Er Hans hans Alla? Hvernig má skipuleggja opið hjónaband? Hversu langt tafl er of langt tafl? Mega konur vinna menn í skák? Eiga konur að kunna mannganginn yfir höfuð? Hvaðan kom sinin? Hversu langrækinn er Brandur?\r\n\r\nKisa vikunnar er kisukallinn Freddie Mercury.\r\n\r\nÍSKISUR - hlaupa reglulega fram úr sér','\r',char(13)),'\n',char(10)));
INSERT INTO storytel_iskisur VALUES(10,2,4,5.0,43,'2019-05-02',replace(replace('Það eru erfiðir tímar framundan hjá Ísfólkinu. Cesilja missir barnið sitt á meðan Alexander Paladin er skotinn í bakið við hernað. Bræðurnir Þorri, Þrándur og Brandur Arasynir eru að berjast í sama stríði og laðar það fram illa arfinn í einum bræðranna.\r\n\r\nVerður Alli ástfangin af Þorra? Hver bræðranna er með illa arfinn? Hvernig dettur maður um sig? Hvernig borgað maður í fríðu? Er eitthvað sem Cesilja getur ekki? Hver setur smjör á grautinn sinn? Er hægt að vera loðmæltur án fryggðar? Hversu gott er gott faðmlag?\r\n\r\nKisa vikunnar er Choupette, erfingi Karls Lagerfeld.\r\n\r\nÍSKISUR - Dæma aldrei!','\r',char(13)),'\n',char(10)));
INSERT INTO storytel_iskisur VALUES(11,1,6,5.0,52,'2019-05-09',replace(replace('Bræðurnir Kolgrímur og Mattías Taraldssynir eru eins ólíkir og bræður geta orðið og Kolgrímur á erfitt með að sætta sig við að yngri bróðir hans skuli erfa leyndardóma Ísfólksins. Þrátt fyrir ungan aldur tekur Kolgrímur til sinna ráða og lætur bróður sinn hverfa - á eins mannúðlegan hátt og hann ræður við. Ísfólkið syrgir yndislega góða Mattías og á erfitt með að trúa sakleysissvip Kolgríms - af góðri ástæðu!\r\n\r\nSagði Brandur of mikið? Getur kattaþrældómur skilað hagnaði? Hvort er verra að eiga barn sem er ekki fyndið eða barn sem finnst foreldrar sínir fyndnir? Er hægt að fylla upp í andlitið sitt með kinnum? Hvers vegna vill Þorri vera um kyrrt í Þýskalandi? Hver þarf öryggiskerfi þegar hann á járnbrynju? Er hægt að rekja ALLT til Margit Sandemo og Ísfólksins? Hvað er það sem allar konur kunna?\r\n\r\nKisa vikunnar eru belgískar blaðburðarkisur.\r\n\r\nÍSKISUR - eru með flæðilegan tíma!','\r',char(13)),'\n',char(10)));
INSERT INTO storytel_iskisur VALUES(12,2,4,5.0,47,'2019-05-16',replace(replace('Gabríela, dóttir Cesilju og Alexander Paladins, er óttalega misheppnuð stúlka sem enginn getur elskað - að eigin mati. Eftir að brúðguminn yfirgefur hana rétt fyrir brúðkaupið flýr Gabríela til Noregs til ömmu sinnar, Lífar, og hjálpar henni, Kaleb og Mattíasi að opna barnaheimili.\r\n\r\nEru flatbrjósta konur alveg glataðar? Væri saga Ísfólksins önnur ef Þorri hefði fundið upp lýtalækningar í stað sótthreinsunar? Er sönn ást að tosa í hár? Hver er hinn raunverulegi illi arfur Ísfólksins? Hvað er upp á lofti heima hjá Líf? Er Ísfólkið nær barnaefni eða japönsku hryllingsefni?\r\n\r\nKisa vikunnar er samhverfa kisan TacocaT.\r\n\r\nÍSKISUR - með tilfinningalega nærgætni á við naut!','\r',char(13)),'\n',char(10)));
INSERT INTO storytel_iskisur VALUES(13,1,3,4.299999999999999823,45,'2019-05-23',replace(replace('Bók númer sjö, Draugahöllin, fjallar um hinn tvíbura Cecilju, Þráinn. Líkt og flestir ungir menn upplifir hann sterkt að lífið sé núna. Þegar móðir hans sendir hann út í sveit í nokkra mánuði til að forða honum frá því að lenda illa undir í pólitík finnst honum sem að lífi hans sé lokið. En sveitarsælan er ekki öll sem sýnist!\r\n\r\nEn hver er Molly? Býr draugur í Draugahöllinni eða er það norn? Hver er Stjarna Tréstjarna? Hversu nefmæltur er hægt að vera? Hvenær er tímabært að nota ferskju eða rækju tjákn í bréfaskriftum?\r\n\r\nKisa vikunnar er Salem Saberhagen.\r\n\r\nÍSKISUR - BOLLYYYYYYYYYYYYYY','\r',char(13)),'\n',char(10)));
INSERT INTO storytel_iskisur VALUES(14,2,4,4.799999999999999823,43,'2019-05-30',replace(replace('Í seinni hluta Draugahallarinnar hafa nokkur ár liðið frá því að morðið á Molly var upplýst og við fylgjum Jessíku Cross þar sem hún vinnur sem barnfóstra Kristínar Munk. Jessíka verður sífellt veikari en veigrar sér við að kvarta því hún vill ekki íþyngja neinum. Þráinn, sem er orðinn hermaður, hittir Jessíku við störf sín og tekur fljótt eftir því að ekki er allt sem sýnist.\r\n\r\nHver er Ella??? Er helsta dánarsök kvenna þögnin? Nær Þráinn að bjarga Jessíku? Hvert er leyndarmál Þráins? Geta karlmenn gengið með börn?\r\n\r\nKisa vikunnar er geishu kettir.\r\n\r\nÍSKISUR - Hans Hans? Hans Hans! Hans, Hans, Hans, Hans, Hans, Hans, Hans','\r',char(13)),'\n',char(10)));
INSERT INTO storytel_iskisur VALUES(15,1,4,5.0,43,'2019-06-06',replace(replace('Í þessari bók kynnumst við Hildi, dóttur aðstoðarmanns böðulsins sem býr í nágrenni við Lindigarð og Grásteinshólma. Hún dregst inn í æsispennandi morðrannsókn þar sem Ísfólkið liggur allt undir grun.\r\n\r\nEn af hverju heitir bókin aðstoðarmaður böðulsins? Eru til varúlfar? Hversu góður er Matthías? Mega þeir sem ganga í svefni giftast? Hvenær verður fundur að ráðstefnu? Hvar er best að fela líkin sín?\r\n\r\nKisa vikunnar er Princess Kitty, köttur Einstein.\r\n\r\nÍSKISUR - á grafarbakkanum','\r',char(13)),'\n',char(10)));
INSERT INTO storytel_iskisur VALUES(16,2,4,5.0,50,'2019-06-13',replace(replace('Í seinni hluta Dóttur böðulsins komumst við að því hver myrti og gróf konurnar fjórar. Hilda aðstoðar við að leysa sakamálið en setur sjálfa sig í mikla hættu við það. Á sama tíma er Hilda flækt í erfiðan ástarþríhyrning en hún áttar sig þó fljótt á því hvert hjarta hennar raunverulega leitar.\r\n\r\nEn sér Matthías í myrkri? Hvernig var Tinder í gamla daga? Hvernig bakkar maður aftur á bak? Hjálpa ástarbréf manni að takast á við morðákæru? Er viðeigandi að ræða bólferðir barna sinna við væntanlega maka þeirra?\r\n\r\nKisa vikunnar er Oatmeal úr Russian Doll.\r\n\r\nÍSKISUR - liggja fyrir grun','\r',char(13)),'\n',char(10)));
INSERT INTO storytel_iskisur VALUES(17,1,3,3.700000000000000177,62,'2019-06-20',replace(replace('Níunda bókin um Ísfólkið fjallar um týnda son Þorra, Mikael Lind af Ísfólkinu. Mikael er einstæðingur sem hefur misst flesta nána fjölskyldumeðlimi en var tekinn í hálfgert fóstur af uppeldissystur sinni. Mikael giftist ungur franskri hefðardömu en er sendur í stríð strax að loknu brúðkaupi. Eftir mörg erfið ár í stríðinu endar Mikael í Líflandi þar sem arfur Ísfólksins virðist gera vart við sig.\r\n\r\nEru vel valin nöfn lykillinn að langlífi? Hver er munurinn á Þorra, Þráni, Þrándi og Þengli? Er ofmetið að þekkja makann sinn? Hversu rómó er mykja? Eru blá augu merki um gott eðli? Eru ömmur alltaf með ráðabrugg? Hvað er yfirskilvit?\r\n\r\nKisa vikunnar er Starecat.\r\n\r\nÍSKISUR — við þekkjum ekki þetta fólk…..','\r',char(13)),'\n',char(10)));
INSERT INTO storytel_iskisur VALUES(18,2,3,4.700000000000000177,56,'2019-06-27',replace(replace('Í seinni hluta Einfarans sjáum við Mikael hægt og rólega missa lífsvilja sinn og vit. Mikael er sendur heim til Svíþjóðar þar sem stríðið og vera hans í Líflandi hefur aukið vanlíðan Mikaels til muna. Þar fær Mikael loks tækifæri til þess að kynnast konu sinni og barni en hugur hans leitar stöðugt annað.\r\n\r\nMega bara verkfræðingar höggva tré? Er SMS-menningin alveg að taka yfir hjá Ísfólkinu? Hefði Margit átt að fylgja Survivor uppskriftinni og vera með reglulegar upprifjunarbækur?\r\n\r\nKisa vikunnar eru kisumyndasögur Elínar Elísabetar.\r\n\r\nÍSKISUR — mega höggva tré','\r',char(13)),'\n',char(10)));
INSERT INTO storytel_iskisur VALUES(19,1,3,5.0,59,'2019-07-04',replace(replace('Í tíundu bókinni um Ísfólkið kynnumst við loksins Villimey sem stelpurnar hafa beðið lengi eftir. Villimey er ein þriggja frændsystkina sem eru með gul augu en hún virðist ekki hafa neina aðra hæfileika Ísfólksins en að koma sér í vandræði.\r\n\r\nEru stelpurnar team Sunna eða team Villimey? Er Villimey með athyglisbrest? Er Villimey gott stripparanafn? Er vond lykt af vondum mönnum? Eldar eldar eða eldar Eldar ekki? Var söguþræði West Side Story stolið frá Margit? Er sælla að stela en að þiggja?\r\n\r\nKisa vikunnar er Chairman Meow.\r\n\r\nÍSKISUR - vaða úr einu í annað!','\r',char(13)),'\n',char(10)));
INSERT INTO storytel_iskisur VALUES(20,2,2,5.0,59,'2019-07-11',replace(replace('Í seinni hluta Vetrarharkanna fylgjum við áfram ævintýrum Villimeyjar og komumst að því að Villimey sér mikið eftir að hafa ekki tekið betur eftir húsverkunum fyrir tíma sinn í Tóbrunni. Eldar og Villimey vinna í þágu uppreisnarinnar með afdrifaríkum afleiðingum.\r\n\r\nEr hægt að vera villt mey? Er Villimey sérstök? Stal J.K. Rowling „the dark mark“ frá Margit? Hversu lengi getur Kristín haldið út að bera fram Villimey sem Ville-mej? Eru börn sérstaklega góð í að plægja akra? Er alltof lítið um dvergaþrælkun? Dugar Crock-Pot sem seiðpottur? Er til woke fólk út á landi?\r\n\r\nKisa vikunnar eru drekakisur.\r\n\r\nÍSKISUR - þrá drauga','\r',char(13)),'\n',char(10)));
INSERT INTO storytel_iskisur VALUES(21,1,5,4.200000000000000177,55,'2019-07-18',replace(replace('Í elleftu bókinni um Ísfólkið fylgjum við Villimey áfram. Villimey er komin heim til sín en á mjög erfitt með að aðlagast venjulegu lífi sökum ástarsorgar sinnar. Villimey eyðir dögum sínum heima í rúminu sem reynist vera hennar lífsbjörg. Við komumst nefnilega fljótt að því að einhver vill Villimey feiga!\r\n\r\nEr Margit lélegur rithöfundur eða eru Ískisur kannski lélegir lesarar? Hvern elskar Villimey raunverulega? Hvað eru frændsystur og frændbræður og hvernig er það öðruvísi en frænkur og frændur? Ættu Ískisur að skrifa Ísfólks fanfiction til þess að „laga“ bækurnar?\r\n\r\nKisa vikunnar er genghis kött.\r\n\r\nÍSKISUR - Lengi lifi frjálsur Noregur!','\r',char(13)),'\n',char(10)));
INSERT INTO storytel_iskisur VALUES(22,2,3,5.0,56,'2019-07-25',replace(replace('Í seinnihluti elleftu bókarinnar um Ísfólkið byrjum við hjá Dominic sem hefur fundið Villimey, ástina sína og frænku, en henni hafði verið rænt af Woller bóndanum. Líkt og Villimey er einni lagið er hún í miklum lífsháska, en munu hæfileikar Dominics og Villimeyjar verða þeim til bjargar?\r\n\r\nHversu kvefuð er Villimey? Hver er vítahringur lífsins? Hver er hin víðfrægi Dong Jóhann? Hvað er ást milli frændsystkina? Er Dominic ekkert nema loðin bringan? Er neikvætt samband milli illa arfsins og trúrækni?\r\n\r\nKisa vikunnar eru toxoplasmosis gondii.\r\n\r\nÍSKISUR - þú veist það!','\r',char(13)),'\n',char(10)));
INSERT INTO storytel_iskisur VALUES(23,1,3,5.0,47,'2019-08-01',replace(replace('Í tólftu bókinni um Ísfólkið, Ást í meinum, fjöllum við áfram um Villimey. Í lok síðustu bókar, Blóðhefndar, lærðum við að Villimey og Dominic fengu ekki að giftast en Villimey hefur ákveðið að láta fjölskylduna ekki stöðva áætlanir sínar. Villmey stofnar lífi sínu og annarra í hættu fyrir ástina og sýnir enn og aftur að hún stendur vel undir nafni.\r\n\r\nEru þríhyrningslaga afsprengi Satans betri ef þau eru búin til af ást? Er gáfum sóað í konur? Er mögulegt að halda túrbaninum sínum þurrum á meðan maður syndir? Skiptir aukakjóll meira máli en að vera með skó? Er sund á Eyrarsundi? Hvaðan eru Skánverjar? Er Villimey þjóðremba þegar hún háttar sig? Hvernig hátta þjóðrembur sig?\r\n\r\nKisa vikunnar er japanska scottisfold Ojarinn.\r\n\r\nÍSKISUR - Ástir og ættarmót','\r',char(13)),'\n',char(10)));
INSERT INTO storytel_iskisur VALUES(24,2,4,5.0,47,'2019-08-08',replace(replace('Í seinni Ástar í meinum fylgjum við Villimey og Dominic þar sem þau reyna að komast aftur heim í gegnum stríðshrjáð svæði. Kærustuparið/frændsystkinin hafa misst alla hermennina sem fylgdu þeim í upphafi en með aðstoð liðinna fjölskyldumeðlima nær Villimey enn og aftur að bjarga deginum (samt ekki Degi Meiden). En hættan er alltaf handan við hornið hjá Villimey sem nær á óskiljanlegan hátt að enda í prísund sjóræninga, situr föst á eyðieyju hálfan vetur og finnst að lokum kasólett á fátækrahæli í norður Noregi.\r\n\r\nEru baðferðir almennt lífsbjargandi? Þarf alltaf upplýst samþykki áður en maður les hugsanir? Er realismi mikilvægur í rómantískum skáldsögum?\r\n\r\nKisa vikunnar er sphynxinn Loki.\r\n\r\nÍSKISUR - eru alltaf á sitthvorum hestinum','\r',char(13)),'\n',char(10)));
INSERT INTO storytel_iskisur VALUES(25,1,2,5.0,59,'2019-08-15',replace(replace('Í þrettándu bókinni um Ísfólkið fáum við loksins að vita tilgang Villimeyjar, Nikulásar og Dominics. Á Noreg herjar skrímsli sem drepur menn án þess að hika, en enginn skilur fyllilega hvernig skrímslið drepur. Skrímslinu er lýst sem risastórri veru með þríhyrningslaga axlir og skásett gul augu - útlit sem Ísfólkið þekkir mætavel!\r\n\r\nEr Villimey áhrifavaldur eða almannatengill? Er óvanalegt að ófreskjur séu með tvo fætur? Vilja ófreskjur vegan mat? Er Djarfur gott stripparanafn? Hversu djarfur er Djarfur?\r\n\r\nKisa vikunnar eru kisumyndir Arna Miller.\r\n\r\nÍSKISUR - týna orðum','\r',char(13)),'\n',char(10)));
INSERT INTO storytel_iskisur VALUES(26,2,3,5.0,58,'2019-08-22',replace(replace('Í seinni hluta þrettándu bókar um Ísfólkið fylgjum við Villimey, Dominic og Nikulás áfram þar sem þau reyna að temja skrímslið Úlfhéðin. Elísa, aðstoðarkona frændsystkinanna, heillast af frumeðli skrímslisins en sér hið góða í honum. Verður þessi hrifning henni að falli?\r\n\r\nHverra manna er Úlfhéðinn eiginlega? Verður Kristín rekin úr hlaðvarpinu fyrir að svindla? Er Noregur stútfullur af Ísfólki? Eru allir sem eru ljótir með illa arfinn eða getur ljótt fólk líka verið gott?\r\n\r\nKisa vikunnar eru Grumpy Cat og uppstoppaður dróna-kisi.\r\n\r\nÍSKISUR - með krónískan óþægindahroll','\r',char(13)),'\n',char(10)));
INSERT INTO storytel_iskisur VALUES(27,1,3,3.299999999999999823,51,'2019-08-29',replace(replace('Fjórtánda bókin um Ísfólkið fjallar um hinn viðkvæma Tristan Paladin, sem hefur átt erfiða ævi síðan hann var forfærður af illkvendinu Guðrúnu frá Svartaskógi. Afleiðingarnar af stuttum kynnum þeirra reyndust ævilangar og plaga hann daglega. En þegar hann kynnist Hildigerði og með þeim tekur náin vinátta, tekur líf hans miklum skakkaskiptum.\r\n\r\nEru bjúgaðar konur mikilvægustu partýgestirnir? Finnur Povl sjálfan sig? Er hægt að vera með hita ef maður er grár?\r\n\r\nKisa vikunnar eru kettir frá miðöldum.\r\n\r\nÍSKISUR - mjóar inn við beinin','\r',char(13)),'\n',char(10)));
INSERT INTO storytel_iskisur VALUES(28,2,4,3.5,67,'2019-09-05',replace(replace('Í seinni hluta fjórtándu bókarinnar um Ísfólkið fáum við að vita að lífið er orðið ansi erfitt í Noregi, sérstaklega fyrir Úlfhéðinn. Hann er eftirlýstur vegna morðanna sem hann hefur framið en hefur snúið við blaðinu og er orðinn virtur faðir og eiginmaður. Villimey og Dominic ákveða að fara með Úlfhéðin til Danmerkur til Tristans til þess að bjarga honum frá laganna vörðum, en þar lenda þau í hinum ótrúlegu aðstæðum.\r\n\r\nGetur maður verið kas-kó? Hverra manna er Úlfhéðinn? Getur Helga virkilega haft rétt fyrir sér?\r\n\r\nKisa vikunnar eru kisur og Drake.\r\n\r\nÍSKISUR - sýna enga miskunn','\r',char(13)),'\n',char(10)));
INSERT INTO storytel_iskisur VALUES(29,1,5,5.0,72,'2019-09-12',replace(replace('Sögusvið Ísfólksins breikkar í bókinni Austanvindur og færir okkur bæði til Moskvu og Síberíu. Í bókinni fylgjum við hinum unga Vendli sem fer í stríð og endar sem stríðsfangi Síberíu. Ferðalagið reynist viðburðarríkt en Vendill lendir meðal annars í því að verða ástsjúkur eltihrellir með pyngju að vopni, kynnist ættbálkum sem búa við erfiðar aðstæður í Síberíu, fer á fyllerí og býðst úrval kvenna.\r\n\r\nEru ósinntar konur stórt vandamál í nútímasamfélagi? Eru eltihrellar einhvern tímann krúttlegir? Hvenær er viðeigandi að skila gjöf?\r\n\r\nKisa vikunnar er Colonel Meow. ÍSKISUR - skála alltaf í botn','\r',char(13)),'\n',char(10)));
INSERT INTO storytel_iskisur VALUES(30,2,2,5.0,43,'2019-09-19',replace(replace('Í seinni hluta Austandvinds ber til stórtíðinda þar sem leyndardómur um forföður Ísfólksins, Þengil hinn illa, eru afhjúpaður. Við höldum áfram að fylgjast með Vendli sem er farinn að þrá að komast aftur heim til mömmu sinnar eftir margra ára aðskilnað. Leiðin heim er þó ekki greið þar sem í vegi hans standa meðal annars fimm ókvæntar konur, álög og ósætti milli ættbálka.\r\n\r\nEr Vendill með forgangsröðun sína á hreinu? Hvenær verða miðilsfundir óviðeigandi? Má leysa úr öllum deilum með góðri fundarstjórn og partýi?\r\n\r\nKisa vikunnar er OwlKitty.\r\n\r\nÍSKISUR - gera gott partý betra\r\n\r\n','\r',char(13)),'\n',char(10)));
INSERT INTO storytel_iskisur VALUES(31,1,3,4.299999999999999823,62,'2019-09-26',replace(replace('Í sextándu bókinni um Ísfólkið kynnumst við Ingunni og Dan Lind. Bæði eru ákaflega vel\r\ngefin en aðeins Dan fær tækifæri til þess að nýta hæfileika sína. Ingunn er klár, falleg og með illa arfinn enda er henni iðulega líkt við frænku sína Sunnu. En þegar Ingunn og Úlfhéðin gera bæði tilkall í galdradót Sunnu vandast málin.\r\n\r\nEr I-ið gott nafn á stúlku? Hvernig er maður hættulega fallegur? Eru það örlög Ísfólksins að verða alltaf ástfangin af skyldmennum sínum? Treystir Ísfólkið Úlfhéðni of mikið? Ætti Ísfólkið að kynna sér deilihagkerfi til að vænka fjárhaginn? Er Alrúnin lifandi?\r\n\r\nKisa vikunnar er SprengjuKisi.\r\n\r\nÍSKISUR - Eru sóun á gáfum','\r',char(13)),'\n',char(10)));
INSERT INTO storytel_iskisur VALUES(32,2,4,5.0,74,'2019-10-03',replace(replace('Í seinni hluta sextándu bókarinnar um Ísfólkið komumst við að því að I-ið er ólétt eftir frænda sinn. Hún ákveður að drífa sig í að giftast til að fela þetta vandamál sitt en eins og svo oft áður þá hafa forlögin aðra hluti í huga fyrir Ísfólkið.\r\n\r\nHvenær heitir einhver of mörgum nöfnum til þess að maður nenni að muna það? Var Rottufangarinn frá Hameln af Ísfólkinu? Notaði Margit Ísfólkssögurnar til að fá útrás fyrir skömminni yfir að hún þreif ekki nógu mikið? Er hægt að vera þrefaldur vatnsberi? Er Dvergur gott drengjanafn?\r\n\r\nKisa vikunnar er Loki The Vampire Cat.\r\n\r\nÍSKISUR - eru með mjög fallega forfæringakálfa','\r',char(13)),'\n',char(10)));
INSERT INTO storytel_iskisur VALUES(33,1,4,3.799999999999999823,58,'2019-10-10',replace(replace('Í fyrri hluta sautjándu bókar um Ísfólkið fylgjum við Daníel með alrúnina, hinni\r\nútvöldu Shiru, Íróvar pabba hennar, álagabarninu Mar og kvennabósanum Míló, í leit að lífsins lindum. Á leið sinni lendir hópurinn í ýmsum ævintýrum t.d. festast í sprungu, stöðva strokufanga og funda með guðinum Shama.\r\n\r\nEr best að mæta örlögum sínum í sparifötum? Hvernig hleðst kona? Er ómögulegt að elska og vera með hreina sál? Má Daníel vera memm eða ekki?\r\n\r\nKisa vikunnar er Sphynxinn Loki og kattarassabling. ÍSKISUR - geta stöðvað tímann!','\r',char(13)),'\n',char(10)));
INSERT INTO storytel_iskisur VALUES(34,2,1,5.0,61,'2019-10-17',replace(replace('Í seinni hluta sautjándu bókarinnar um Ísfólkið fer Shiva í gegnum þrautir í helli lífsins linda með kyndil Mars að leiðarljósi. Á leið sinni er Shiva neydd til að gera upp fortíðina þar sem innræti hennar er dæmt í smáatriðum bæði eftir því sem hún gerði viljandi og óvart. Ástin sigrar (eða tapar) að lokum.\r\n\r\nHvers eiga fallegar konur að gjalda? Hvenær er óhætt að gera góðverk? Er best að ættleiða áður en maður byrjar að deita?\r\n\r\nKisa vikunnar er skrifstofukisi.\r\nÍSKISUR - Keppa ávallt til sigurs.','\r',char(13)),'\n',char(10)));
INSERT INTO storytel_iskisur VALUES(35,1,3,4.700000000000000177,61,'2019-10-24',replace(replace('Í fyrri hluta átjándu bókarinnar um Ísfólkið kynnumst við Vermundi, Brósa og Karínu. Aðalsöguhetjan er Elísabet Paladín sem er af Ísfólkinu og er ekki tilbúin að elta hefðbundna tískustrauma sem náfólki hennar líkar misilla. Fjölskylduharmleikur, ástarþríhyrningur, heilabilun og ættleiðing, hvað er hægt að biðja um meira?\r\n\r\nHvað er verra en kona sem púðrar sig ekki? Er best að skipuleggja framhjáhald fyrir hjónaband? Hver er Búbí?\r\n\r\nKisa vikunnar er Pusheen.\r\n\r\nÍSKISUR - ávallt með hárkollu og púðu','\r',char(13)),'\n',char(10)));
INSERT INTO storytel_iskisur VALUES(36,2,4,4.5,63,'2019-10-31',replace(replace('Í seinni hluta átjándu bókarinnar um Ísfólkið kemur meðal annars sannleikurinn um Tark fjölskylduna í ljós og trúlofun verður rofin. Við fylgjumst með Elísabetu og tengdamömmu hennar takast á um búningaval. Karína virðist vera að ná upp fyrri heilsu, þó ekki séu allir ánægðir með það. Búningaball Tark fjölskyldunnar endar svo í hálfgerðum farsa þar sem öll óútkljáð mál koma upp á yfirborðið.\r\n\r\nHvernig tré eru best til að að eiga náin kynni með? Er mögulegt að vera nakin í stuttum bol? Hverjir eiga að vera í stíl á grímuballi?\r\n\r\nKisa vikunnar eru kisur í grímubúning.\r\n\r\nÍSKISUR - vita allt um hvað hjón gera í einrúm','\r',char(13)),'\n',char(10)));
INSERT INTO storytel_iskisur VALUES(37,1,1,5.0,72,'2019-11-07',replace(replace('Í fyrri hluta nítjándu bókarinnar um Ísfólkið hefst raunarsaga álagabarnsins Sölva. Sölvi er myndarlegur, frakkur og kvensamur en þegar líður á tekur hið illa yfir líf hans. Við munum fá að sjá að Sölvi svífst einskis og er tilbúinn að fórna öllu fyrir frægð og frama, hvort sem það er hin saklausa Renata Wiesen, sendiherra eða Heikir sonur hans.\r\n\r\nEru woodoo dúkkur lausn á öllum vandamálum? Hver hefur ekki stungið undan kennara sínum? Er búrnotkun viðurkennd uppeldisaðferð?\r\n\r\nKisa vikunnar er Larry the Cat (of 10 Downing Street).\r\n\r\nÍSKISUR - fá alveg stundum móral','\r',char(13)),'\n',char(10)));
INSERT INTO storytel_iskisur VALUES(38,2,5,4.200000000000000177,63,'2019-11-14',replace(replace('Í seinni hluta nítjándu bókarinnar um Ísfólkið kynnumst við fátæku jómfrúnni Elenu og Mílan vonbiðli hennar. Sölvi girnist Elenu en villl henni ekkert gott. Elena laðast að Sölva sem felur stórt leyndarmál í búri heima hjá sér en kemur upp um sig þegar Elena býðst til að þvo þvottinn hans.\r\n\r\nHver er náttfarinn? Er alrúnakast góð reiðistjórnunaraðferð? Hvort er betra að vera vond-ljótur eða góð-ljótur?\r\n\r\nKisa vikunnar er draugur Paddles.\r\n\r\nÍSKISUR - megum við þvo þvottinn þinn?','\r',char(13)),'\n',char(10)));
INSERT INTO storytel_iskisur VALUES(39,1,2,5.0,74,'2019-11-21',replace(replace('Sögusvið tuttugustu bókarinnar um Ísfólkið, Hrafnsvængir, hefst í Dauðaskógi í Transylvaníu. Í fyrri hluta bókarinnar fylgjumst við með leyndardómsfullum frænkum heilla franska aðalsmenn í kastalann sinn. Heikir dafnar vel hjá fósturfjölskyldu sinni en Ísfólksblóðið kalla hann á heimaslóðir, til Grásteinshólma. Á leið sinni hittir hann Pétur, galdramann, og Mýru og saman villast þau inn í örlagaríka Dauðaskóg.\r\n\r\nEiga hrafnar sig sjálfir? Hvers vegna gista allir á krá? Af hverju eru allir mennirnir svona ljótir? Hvað tekur mann langan tíma að verða ástfanginn? Hvers þarf Mýra að gjalda? Á hún hest skilinn? Er brókarsótt smitandi?\r\n\r\nKisa vikunnar er kisa sem horfir fallega á þig.\r\n\r\nÍSKISUR - í fullri reisn.','\r',char(13)),'\n',char(10)));
INSERT INTO storytel_iskisur VALUES(40,2,2,5.0,63,'2019-11-28',replace(replace('Í seinni hluta tuttugustu bókarinnar um Ísfólkið fylgjumst við áfram með Heiki og baráttu hans fyrir vini sínum honum Pétri. Pétur er fallinn fyrir Nicolu sem er haldið fanginni í kastala af frænku sinni. En eins og svo oft áður hjá Ísfólkinu þá er ekki allt sem sýnist.\r\n\r\nEr ósýnilegur vinur verri en sýnilegur vinur? Eru dillandi mjaðmir einkenni uppvaknings? Eru ólík áhugamál lykillinn að velgengni í sambandi uppvakninga? Hvað eru andlegar vampírur? Getur maður fengið áunna uppvakningssýki eða er hún meðfædd? Væru Ískisur betri uppvakningar en Anciol?\r\n\r\nKisa vikunnar er um hvernig maður gerir köttinn sinn frægan á internetinu.\r\n\r\nÍSKISUR - Vita lítið – enda aldrei búið í búri.','\r',char(13)),'\n',char(10)));
INSERT INTO storytel_iskisur VALUES(41,1,3,5.0,50,'2019-12-05',replace(replace('Í fyrri hluta 21. bókarinnar um Ísfólkið kynnumst við Gunnhildi sem býr við ömurlegar aðstæður. Ofsatrúaður faðir hennar beitir hana og móður hennar miklu ofbeldi. Í lífi Gunnhildar eru þrír menn sem hafa mikil áhrif á hana, æskuvinurinn Erlendur, „gamli“ kallinn Arfur Grip úr Ísfólksættinni og hinn ofurljóti Heikir Lind af Ísfólkinu. En eins og svo oft gerist í Ísfólksbókunum þá er ekki allt sem sýnist!\r\n\r\nHvenær er eiginlega óttubil? Er fólk í blokkaríbúðum í Breiðholti sérstaklega hrætt við blokkflautur? Má halda framhjá ef makinn er með bumbu? Er betra að lemja í krít? Er viðeigandi að horfa í klof biðils þegar hann er að biðja manns? Bætir góðleg og þýð rödd upp fyrir að vera ljótur? Er helsti kostur jólanna að maður sér ekki ljóta fólkið fyrir hátíðarhöldunum?\r\n\r\nKisa vikunnar eru vikulegir Buzzfeed kisupóstar.\r\n\r\nÍSKISUR - Sprengja bombur í beinni','\r',char(13)),'\n',char(10)));
INSERT INTO storytel_iskisur VALUES(42,2,4,5.0,72,'2019-12-12','');
INSERT INTO storytel_iskisur VALUES(43,1,4,4.5,57,'2019-12-19',replace(replace('Í fyrri hluta 22. bókarinnar um Ísfólkið fylgjum við för Heikis til Noregs til að endurheimta ættaróðöl Ísfólksins, Grásteinshólma og Elíbakka. Vinga, frænka Heikis, sem var síðasti erfingi búanna, hvarf á grunsamlegan hátt og Heikir er staðráðinn í að finna hana.\r\n\r\nEr félagsskapur geitar betri en enginn? Hversu auðvelt er að taka ekki eftir að einhver sé að vinna húsverkin fyrir mann? Er í lagi að fara berbak á hestbak á Heiki? Mun Vinga geta þagað yfir gríðarstóra Ísfólksleyndarmáli Heikis?\r\n\r\nKisa vikunnar er Snoopy cat.\r\n\r\nÍSKISUR - Eru gullfallegar … ef þú fílar skrímsli.','\r',char(13)),'\n',char(10)));
INSERT INTO storytel_iskisur VALUES(44,2,4,4.5,55,'2019-12-26',replace(replace('Í seinni hluta 22. bókarinnar um Ísfólkið berjast Heikir og Vinga saman til að vinna aftur ættaróðalið Elíbakka. Í harðri baráttunni þurfa þau að eiga við slóttugan lögfræðing og dómara en biðin eftir 18 ára afmæli Vingu reynist þeim ekki síður erfið.\r\n\r\nVerða Ískisur vinkonur áfram eftir að þær klára að lesa bækurnar? Eru ömmur almennt hlaðverplar? Má fara nærbuxnalaus í kaupstaðarferð? Mun næsta Ískisubarn vera skírt í höfuðið á einhverjum í Ísfólkinu? Má fólk eyða öllum peningunum sem það fær að gjöf eða er það skuldbundið til að skila afgangi?\r\n\r\nKisa vikunnar er jólakötturinn.\r\n\r\nÍSKISUR - Staðfestir fráhrifavaldar.','\r',char(13)),'\n',char(10)));
INSERT INTO storytel_iskisur VALUES(45,1,6,4.200000000000000177,60,'2020-01-02',replace(replace('Í fyrri hluta 23. bókarinnar um Ísfólkið ákalla Heikir og Vinga „gráa fólkið“ til aðstoðar við að endurheimta Grásteinshólma. Þau komast að því að það er enginn hægðarleikur að nálgast „gráa fólkið“ og kallar það bæði á mikinn undirbúning og athöfn.\r\n\r\nMá skilja út undan þegar verur úr öðrum víddum eru ákallaðar? Hvort er öfundsýki eða þrýstingur betra upphaf að sambandi? Er einhvern tímann sniðugt að daðra við alla karlmenn? Hvað er þróuð erótík?\r\n\r\nKisa vikunnar er áramótakisi.\r\n\r\nÍSKISUR - Ávallt til í að fórna sér … á vorin.','\r',char(13)),'\n',char(10)));
INSERT INTO storytel_iskisur VALUES(46,2,4,5.0,73,'2020-01-08',replace(replace('Í seinni hluta 23. bókarinnar um Ísfólkið fylgjumst við með „gráa fólkinu“ hrekja burt ábúendur Grásteinshólma með draugagangi. Snivel, ábúandi Grásteinshólma reynir án árangurs að særa illu andanna í burtu á meðan Heikir og Vinga skipuleggja brúðkaup.\r\n\r\nEr eðlilegt að hugsa um kynlíf í miðju trúnói? Verður maður miðaldra og leiðinlegur 18 ára? Hvort er erfiðara að reka illa anda úr húsum eða konum? Hversu mikið verra er að ráðast á spariklædda konu en konu í hversdagsklæðnaði?\r\n\r\nKisa vikunnar er vöfflukisi.\r\n\r\nÍSKISUR - unglegar í rétta kjólnum.','\r',char(13)),'\n',char(10)));
INSERT INTO storytel_iskisur VALUES(47,1,4,5.0,67,'2020-01-16',replace(replace('Í fyrri hluta 24. bókarinnar um Ísfólkið kynnumst við Önnu Maríu, sonardóttur Ingelu sem er föðursystir Heikis. Anna María hefur misst foreldra sína og er einstæð en vill ekki vera byrði á fjölskyldu sinni og velur því að flytjast á „ystu heiði“. Hún velur sér námubæ milli skógar og sjávar og gerist kennari námuverkamannabarna. Val hennar á bænum er engin tilviljun, því Anna María er yfir sig ástfanginn af eiganda námunnar, Adrian Brandt.\r\n\r\nHvernig getur bær legið mitt á milli sjós og fjöru? Eru helstu kostir Reykjavíkur þeir að það eru engar klappir til að njósna af? Er leið karlmanna að hjörtum kvenna að elta þær í hópum? Eða nægir að kasta steinum í glugga þeirra og flissa? Má maður sýna mönnum áhuga ef maður er fínni en þeir? Er Adrian grunlaust tól eða veit hann meira en lætur uppi? Er Nils sönnun þess að karlar slúðra jafn mikið og konur?\r\n\r\nKisa vikunnar er Venus the Two-Faced Cat.\r\n\r\nÍSKISUR - Góðar en grófar','\r',char(13)),'\n',char(10)));
INSERT INTO storytel_iskisur VALUES(48,2,5,5.0,68,'2020-01-24',replace(replace('Í seinni hluta 24. bókarinnar um Ísfólkið sjáum við Önnu Maríu umbylta litla rólega námubænum þegar hún skellir í heljarinnar helgileik á meðan hún berst við eigin tilfinningar vegna bónorðs sem hún vill ekki og eigin meðvirkni. Á sama tíma verður Heikir var við að Þengill hinn illi er að bærast og hann fær þau skilaboð að einhver frændsystkinanna eru við það að vekja hann.\r\n\r\nFær einhver illt í magann? Hvernig Benz-ar maður fólk? Eru Belgar sexí? Er alltaf möst að fá smá hygge? Snýst bakstur eingöngu um veðurfræði? Eru karlmenn verri ef þeir hafa ekki áhuga á vændiskonum? Eru syngjandi börn betri en önnur börn?\r\n\r\nKisa vikunnar er Hamilton the Hipster Cat.\r\n\r\nÍSKISUR - aldrei á bekknum!','\r',char(13)),'\n',char(10)));
INSERT INTO storytel_iskisur VALUES(49,1,4,5.0,71,'2020-01-30',replace(replace('Í fyrri hluta 25. bókarinnar um Ísfólkið fylgjum við Þulu sem er falleg, þybbin og skapgóð ung stúlka á yfirborðinu. En í raun er hún slóttug, klók og svífst einskis. Á unglingsárunum fjarlægist hún fjölskyldu sína meir og meir og eina sem getur bjargað Þulu er hjálp frá ættingjum, lífs og liðnum.\r\n\r\nHvar eru öll dýrin sem örlagabörnin hafa elskað? Geta konur og önnur dýr ráðið við sig á fengitíma? Hvort laðast Þula að karlmanninum eða blokkflautunni? Er alltaf slæmt að muna ekki drauma sína? Verður drasl þegar andar slást innandyra?\r\n\r\nKisa vikunnar eru blak kisur.\r\n\r\nÍSKISUR - Fara gjörsamlega í hnút','\r',char(13)),'\n',char(10)));
INSERT INTO storytel_iskisur VALUES(50,2,4,4.799999999999999823,58,'2020-02-06',replace(replace('Í seinni hluta 25. bókarinnar um Ísfólkið er Þula komin til Noregs með Heiki og Vingu en um leið og hún stígur fæti inn í Grásteinshólma kemur hún upp um leyndarmál sitt. Heikir er staðráðinn í að kenna Þulu að berjast gegn illu öflunum en það er alls óvíst hvort Þulu sé viðbjargandi. Þula dulbýr sig sem strák á leið til Svíþjóðar þegar henni er ekki óhætt lengur á Grásteinshólma og reynist heimferðin allt annað en auðveld.\r\n\r\nEru þybbin og sæt börn guðsbörn? Getur þybbið fólk verið vont og göldrótt? Missir maður meydóminn við að sofa hjá dímonum? Eru allir og amma þeirra æstir í Þulu? Hvort er Þula heitari sem kona eða karl? Hvenær er íbúð of skítug fyrir einnar nætur gaman?\r\n\r\nKisa vikunnar er blak-kisa.\r\n\r\nÍSKISUR - ferðast ávallt sem karlar.','\r',char(13)),'\n',char(10)));
INSERT INTO storytel_iskisur VALUES(51,1,4,5.0,48,'2020-02-13',replace(replace('Í fyrri hluta 26. bókarinnar um Ísfólkið fylgjumst við með strembnu ferðalagi Eskils til Eldisfjarðar. Þegar Eskill kemst loksins á áfangastað leigir hann hús af Torfa, sem býr með ekkjunni Sólveigu og veika syni hennar Jólinn. Þegar líður á dvölina kemur í ljós að ekki er allt sem sýnist og Eskill er í mikilli hættu.\r\n\r\nVar leiguveldi Torfa upphaf Airbnb markaðsins? Er fjársóðurinn til? Hvenær spilar maður sig of „hard to get“? Hvað er íslenska orðið yfir „hard to get“ og getur maður verið „hard to get“ án þess að þekkja íslenska hugtakið?\r\n\r\nKisa vikunnar er Garfield.\r\n\r\nÍSKISUR - eru að spyrja fyrir vin.','\r',char(13)),'\n',char(10)));
INSERT INTO storytel_iskisur VALUES(52,2,6,4.0,67,'2020-02-20',replace(replace('Í seinni hluta 26. bókarinnar um Ísfólkið gerum við tilraun til að fylgja Eskil, Heiki og Vingu þegar þau reyna að frelsa Eldafjörð og Jólinsborg undan draugaganginum. Ruglingsleg sagan verður enn flóknari þegar annar hver karakter heitir Jólin og Jólinsborgunum fjölgar.\r\n\r\nVar Margit jólabarn? Hvað var Eskill lengi í fangelsi? Á að taka mark á mönnum sem heita Herra Jólin? Er Ísfólkið fast við ákveðna breiddargráðu? Ættu allir að eiga einn hugrakkan fiskimann? Hvar er Elís? Eru barsmíðar í lagi svo lengi sem árásarmaðurinn þvær fórnarlambið eftir á? Getur maður miðað tímatal við mannfórnir? Hver er munurinn á belju og geit?\r\n\r\nKisa vikunnar er Karen og kettirnir hennar.\r\n\r\nÍSKISUR - HVER ER JÓLIN?','\r',char(13)),'\n',char(10)));
INSERT INTO storytel_iskisur VALUES(53,1,5,3.600000000000000088,54,'2020-02-27',replace(replace('Í fyrri hluta 27. bókarinnar um Ísfólkið kynnumst við Christer, syni Þulu og Tómasar. Christer er sannfærður um að hann sé álagabarn sinnar kynslóðar og reynir allt hvað hann getur til þess að sannfæra aðra um það – með misjöfnun árangri. Christer kynnist snemma ástinni í lífi sínu en tapar henni fljótt aftur. Christer sýnir að þrátt fyrir að hafa ekki erft galdrahæfileika ættar sinnar þá er hann þrátt fyrir allt Ísfólksmaður sem gefst ekki svo auðveldlega upp á ástinni.\r\n\r\nEru hneyksli með hala? Eru fatlaðir bara latir? Hversu lengi er hægt að ræða einn hund? Af hverju fá börnin á landsbyggðinni ekki bolta? Er best að fela hunda á bakinu á sér? Hver er læknirinn?\r\n\r\nKisa vikunnar er Coachella Cat.\r\n\r\nÍSKISUR - sökka í væntingastjórnun.','\r',char(13)),'\n',char(10)));
INSERT INTO storytel_iskisur VALUES(54,2,4,5.0,66,'2020-03-05',replace(replace('Í seinni hluta 27. bókarinnar um Ísfólkið leitum við áfram að Magdalenu með Christer og vinum hans. Molin, afi Magdalenu, hefur veikst alvarlega og virðist við dauðans dyr þegar Heikir kemur eins og kallaður. Á meðan Heikir reynir að bjarga lífi Molins þá reynir Christer að finna ástina sína með aðstoð góðra vina, hunda og geimvera!\r\n\r\nVar Margit á sýru þegar hún skrifaði þessa bók? Eru Heikir og Vinga Garðbæingar síns tíma? Hvernig fallbeygir maður Molin? Talar Heikir við stofnfrumur? Hafa fornleifafræðingar vigt? Eru hundar sem tala við geimverur betri en forfeðradraugar? Mun Christer einhvern tímann fatta að hann kann ekki að galdra? Er Margit fyndin? Eru það ættjarðarsvik að laðast meira að The Rock en Loga Geirs? Þarf maður að vera sammála sjálfum sér?\r\n\r\nKisa vikunnar eru Hemingway kettir.\r\n\r\nÍSKISUR - geta margt eftir góðan lúr.','\r',char(13)),'\n',char(10)));
INSERT INTO storytel_iskisur VALUES(55,1,6,4.299999999999999823,67,'2020-03-12',replace(replace('fyrri hluta 28. bókarinnar um Ísfólkið kynnumst við vonlausu Belindu sem getur aldrei gert neitt rétt, hún ræður ekki einu sinni við að taka í hendurnar á fólki. Systir Belindu deyr við barnsfarir en það hefur afdrifaríkar afleiðingar fyrir Belindu. Blessunarlega kemur Ísfólkið inn í líf hennar og bjargar bæði sjálfstrausti hennar og sakleysi.\r\n\r\nVerða börn að fávitum ef mamman sér fávita á meðan hún er ólétt? Er gott hlaðvarp að hlusta á tvær vinkonur taka í hendurnar á hvor annarri? Getur Herbert labbað í burtu? Var Signe myrt? Verður maður leiður við leiði eða leiðir leiðið til leiða? Eru Ískisur of gamlar fyrir Leonardo DiCaprio?\r\n\r\nKisa vikunnar er Tik Tok kisa.\r\n\r\nÍSKISUR - eru nóg.','\r',char(13)),'\n',char(10)));
INSERT INTO storytel_iskisur VALUES(56,2,5,4.799999999999999823,58,'2020-03-19',replace(replace('Í seinni hluta 28. bókarinnar um Ísfólkið er haldið í svaðilför í dal Ísfólksins en þó eftir handtöku og yfirheyrslu. Þula og Heikir gera tilraun til að létta bölvuninni af ætt sinni þrátt fyrir að fátt gefi til kynna að þeim muni takast ætlunarverk sitt. Viljar og Belinda elta þau og á leið sinni fara þau um gamlar slóðir Ísfólksins.\r\n\r\nHver drap Herbert? Er verra að vera í verkalýðsfélagi en að myrða? Gerir maður sérferð úr morði? Á maður alltaf að tala við ömmu sína og afa? Er Viljar sófaverkalýðsmaður? Mega strákar vita að stelpur pissa? Eru sjálfíkveikjur náttúrulegt fyrirbæri? Vilja dímonar bara ungar óhrukkóttar konur? Er Belinda alltaf bara vesen?\r\n\r\nKisa vikunnar er twitter aðgangurinn Poorly Drawn Cats.\r\n\r\nÍSKISUR - lengi lifir í gömlum dímonum.','\r',char(13)),'\n',char(10)));
INSERT INTO storytel_iskisur VALUES(57,1,4,4.799999999999999823,64,'2020-03-25',replace(replace('Í fyrri hluta 29. bókarinnar um Ísfólkið, Ástir Lúsífers, kynnumst við Sögu sem er útvalin en hefur lifað heldur óbreyttu lífi hingað til. Eftir andlát foreldra hennar, Kols og Önnu Maríu, skilur hún við manninn sinn og forfeður Ísfólksins kalla hana til Lindigarðs. Ferðalagið til Noregs flækist vegna Kólerufaraldurs. Á leið sinni til Noregs fylgja henni tveir myndarlegir karlmenn, Paul og Marcel, sem toga báðir í hana á mismunandi hátt.\r\n\r\nHvernig ber maður fram Guillaume og Paul á góðri íslensku? Hvernig skilar húmor sér til munnsins? Er hægt að tala um dímona án þess að nefna ákveðin verkfæri? Var Leonard í rétti þegar hann hélt framhjá sökum kynlífsleysis? Á maður alltaf að hlusta á ömmu sína og mömmu varðandi karlmenn?\r\n\r\nKisa vikunnar er súlukisa.\r\n\r\nÍSKISUR - bakka aldrei!\r\n\r\n','\r',char(13)),'\n',char(10)));
INSERT INTO storytel_iskisur VALUES(58,2,4,4.799999999999999823,66,'2020-04-02',replace(replace('Í seinni hluta 29. bókarinnar um Ísfólkið komumst við svo að því að ekki er allt sem sýnist. Við fylgjum áfram með Sögu sem upplifir meðal annars töfrastund í skóginum og ástarsorg. Hún hjálpar einnig frænda sínum í vanda og stundar særingar. Það eru þó ekki mestu raunir sem Saga gengur í gegnum og má í raun segja að hún endi sem sorgar-Saga.\r\n\r\nEr Lúsífer góður gæi? Af hverju mátti Saga ekki njóta sín í skóginum? Hvaða dagur hentar best til að særa burt verur úr öðrum heimi? Hvað þarf marga verkfræðinga til að halda utan um særingar Gráfólks?\r\n\r\nKisa vikunnar er kisutjákn.\r\n\r\nÍSKISUR - ákalla Lúsífer!','\r',char(13)),'\n',char(10)));
INSERT INTO storytel_iskisur VALUES(59,1,5,4.799999999999999823,63,'2020-04-08',replace(replace('Í fyrri hluta 30. bókarinnar um Ísfólkið er fjallað um Henning litla sem er skyndilega einn síns liðs með tvo nýfædda drengi í sinni umsjá. En þegar útlitið er ansi svart kemur frænka Hennings, Malín, honum til bjargar og aðstoðar hann við uppeldið. En lífið er erfitt hjá litlu fjölskyldunni og erfiðari er óvissan um hvað varð eiginlega um Belindu og Viljar, foreldra Hennings.\r\n\r\nHvað er dýakonissa? Á að skíra ljót börn í höfuðið á ljótu fólki? Er betra að sleppa því að feðra börnin sín ef faðirinn er Lúsífer? Mega ljót börn fá arf?\r\n\r\nKisa vikunnar er melónukisi.\r\n\r\nÍSKISUR - Læsar ... en samt ekki.\r\n\r\n','\r',char(13)),'\n',char(10)));
INSERT INTO storytel_iskisur VALUES(60,2,4,4.799999999999999823,63,'2020-04-16',replace(replace('Í seinni hluta 30. bókarinnar um Ísfólkið er líf Ísfólksins mikið farið að snúast um Úlfar og erfiðleikana í kringum hann. Henning er orðinn stór og finnur ástina en þó að ástin beri ávöxt færir hún honum ekki hamingju. Malín verður líka ástfangin af Pétri Volden en það er þungur baggi að bera að vera stjúpfaðir Úlfars.\r\n\r\nEr Margit Captain Obvious? Er Úlfar x-rated útgáfan af Denna dæmalausa? Er Lúsífer vondur eða góður gæi? Er Lúsífer mikið á Austfjörðum? Er Lúsífer og jólasveinninn sami maðurinn? Eru menn með stór hjörtu með góða blóðrás? Hvernig veit maður hvort að nýfædda barnið sitt sé með innri ró og frið? Verður einhvern tímann hægt að hætta að rífast um stöngin inn / stöngin út? Eru úlfar góðar barnapíur?\r\n\r\nKisa vikunnar er Lööp kisi.\r\n\r\nÍSKISUR - angra aldrei bændur né skrifstofufólk.','\r',char(13)),'\n',char(10)));
INSERT INTO storytel_iskisur VALUES(61,1,3,5.0,63,'2020-04-23',replace(replace('Í fyrri hluta 31. bókarinnar um Ísfólkið lítum við inn hjá Þengli illa sem liggur í hálfmóki og reynir að spilla fyrir góðum afkomendum sínum. Benedikta, óheppna stóra álagastelpan með grófu andlitsdrættina, er kölluð til að aðstoða hinn ómótstæðilega Sander við rannsókn á draugagangi og morði.\r\n\r\nGerði Þengill illi mistök með því að stilla ekki vekjaraklukku sjálfur? Er eðlilegt að rukka vænt skemmdargjald fyrir barnapössun? Er til fólk sem er bæði fallegt og klárt? Hversu aðlaðandi er maður ef öðrum manni finnst sá maður aðlaðandi? Horfði Margit Sandemo of mikið á Discovery á meðan hún skrifaði Ísfólkið? Er draugagangur og skemmdarverk alvarlegri glæpur en morð?\r\n\r\nKisa vikunnar er Chertrúarsöfnuðurinn.\r\nÍSKISUR - alltaf núvirtar.\r\n\r\n','\r',char(13)),'\n',char(10)));
INSERT INTO storytel_iskisur VALUES(62,2,5,5.0,67,'2020-04-30',replace(replace('Í seinni hluta 31. bókarinnar um Ísfólkið fylgjum við áfram með Benediktu, Sanders og félögum við Nettuvatn. Ekki er allt sem sýnist, ástarþríhyrningur verður að ferhyrningi, björgun kemur úr óvæntri átt og leyndardómurinn leysist loks í kirkju sem reynist Benediktu erfitt.\r\n\r\nVar Benedikta búin að taka til í herberginu sínu? Eru axlasnertingar alltaf erótískar? Lykta allir draugar eins og skítugar tuskur? Er hentugt að gera upp persónuleg mál á meðan særing drauga fer fram? Er til eitthvað verra en einstæð móðir?\r\n\r\nKisa vikunnar er hákarlakisa.\r\nÍSKISUR - taka alltaf til í herberginu sínu.','\r',char(13)),'\n',char(10)));
INSERT INTO storytel_iskisur VALUES(63,1,5,5.0,62,'2020-05-07',replace(replace('Í fyrri hluta 32. bókar um Ísfólkið kynnumst við Marit, fátækri leiguliðadóttur sem er skilin eftir af systkinum sínum til þess að annast heilabilaðan og ofbeldisfullan föður sinn. Þegar faðirinn lætur loks lífið verður Marit lífshættulega veik og ákveður að reyna að leita sér hjálpar. Hún endar í höndum læknisins Kristófer Volden af Ísfólkinu og með þeim tekst mikil vinátta.\r\n\r\nHefði bókin átt að heita Svelti en ekki Hungur? Hversu margir þurfa að vera hungraðir til þess að bókin megi heita Hungur? Var Heikir heiðurskvenmaður? Er betra að vera með góða húð en fallegt andlit? Heitir Marit Meritta eða Maritta og heitir Lísa-Meritta Lísa-Marit? Hefði verið betra að hafa nöfnin aðeins ólíkari svo ónefndar Ískisur myndu ekki ruglast á nöfnum?\r\n\r\nKisa vikunnar eru klárir kettir.\r\n\r\nÍSKISUR - nota aldrei brauð í hárið.','\r',char(13)),'\n',char(10)));
INSERT INTO storytel_iskisur VALUES(64,2,1,5.0,61,'2020-05-14',replace(replace('Í seinni hluta 32. bókar er Benedikta komin til Kristófers til þess að hjálpa honum með veirusýkinguna á spítalanum en nærvera hennar veldur meiri brestum í sambandi Kristófers og Lísu-Merittu. Kristófer er óvart búinn að trúlofa sig tveimur konum og er í bölvuðu basli með hvernig hann geti komið sér úr þessari stöðu.\r\n\r\nÍ hversu annarlegu ástandi er Helga? Af hverju heitir bókin ekki Streptókokkar? Á hin fullkomna kona líf fyrir utan heimilið? Mega stelpurnar vera svona sammála? Er nauðsynlegt að taka veikar eiginkonur heim af spítalanum? Hver er góði gæinn í þessari bók? Gildir það sama um Jón og Ísfólks Jón?\r\n\r\nKisa vikunnar eru Lingvistov kettir.\r\n\r\nÍSKISUR - algjörlega stjórnlausar.','\r',char(13)),'\n',char(10)));
INSERT INTO storytel_iskisur VALUES(65,1,5,5.0,57,'2020-05-21',replace(replace('Í fyrri hluta 33. bókar um Ísfólkið ferðumst við aftur um næstum 10 ár til þess að fylgja sögu Vönju. Vanja er ósköp venjuleg ung stúlka fyrir utan eitt smávægilegt atriði. Hún er sonardóttir Lúsífers og með því fylgir hæfileikinn til þess að sjá dímóna. En þetta vita hvorki Ísfólkið, Þengill né dímonarnir sjálfir og það mun hafa afdrifarík áhrif á sögu þeirra allra.\r\n\r\nEn hvar er Johnny Depp? Hvers vegna vill Kristín alltaf segja Sandebo en ekki Sandemo? Af hverju má maður ekki eyða öllum arfinum sínum í föt? Þarf alltaf að vera penis? Sofa dímonar í buxum? Er Margit hinn raunverulegi Literal Larry? Var Vanja álagabarn eða „bara“ barnabarn Lúsífers? Hver er besta afsökunin til að fá að vera ein í kirkjukórsferð? Er Margit hrútskýrari?\r\n\r\nKisa vikunnar er feiti kisi.\r\n\r\nÍSKISUR - Skiptast á að hafa rétt fyrir sér, stundum...','\r',char(13)),'\n',char(10)));
INSERT INTO storytel_iskisur VALUES(66,2,5,5.0,52,'2020-05-28',replace(replace('Í seinni hluta 33. bókar fylgjumst við áfram með Vönju og Tamlin. Þegar Tamlin er handsamaður og hlekkjaður í undirheimum næturdímónanna heldur Vanja í björgunarleiðangur í gegnum draumheima, eða réttara sagt martraðaheima.\r\n\r\nHvenær er draumur nógu vondur til að verða martröð? Sigrar ástin allt? Hvort er verra að vera trúboði í Kína eða trúboði á laugardagskvöldum? Þarf bara að vera trúr eftir hjónaband? Er eitthvað meira niðurdrepandi en feitur, vælandi miðaldra karl? Greyið Frank …\r\n\r\nKisa vikunnar er litla kisa eða smol cats.\r\n\r\nÍSKISUR - með óklofnar tungur …\r\n\r\n','\r',char(13)),'\n',char(10)));
INSERT INTO storytel_iskisur VALUES(67,1,5,5.0,62,'2020-06-04',replace(replace('Í fyrri hluta 34 bókar um Ísfólkið fylgjumst við með Andra Benediktusyni í leit að forfeðrum sínum og illa arfinum. Skrifstofukonan Netta veitir Andra dygga aðstoð. Á vegi þeirra verður sagan um konurnar í Vargaþorpi sem virðist vera mikilvægur hlekkur í sögu Ísfólksins.\r\n\r\nAf hverju á enginn í Ísfólkinu hund? Hvernig sér maður á konu að hún sé gift? Hver vill vera skyldur einhverjum sem vinnur ekki yfirvinnu? Er í lagi að stela af látnum ef þeir eru kannski fjarskyldir ættingjar? Hvernig sést á hárlokk að hann sé af barni? Er gott í kroppinn meira virði en mannslíf?\r\n\r\nKisa vikunnar er myndin CATS.\r\n\r\nÍSKISUR - fórna engu!','\r',char(13)),'\n',char(10)));
INSERT INTO storytel_iskisur VALUES(68,2,4,4.799999999999999823,67,'2020-06-11',replace(replace('Í seinni hluta 34 bókar heldur þríeykið áfram leit að týnda Ísfólksleggnum. Netta verður fyrir árás á heimili sínu og slæst því í för með Andra og Malí til Nordlade. Leitin leiðir þau hinsvegar í hið sögufræga Vargaþorp þar sem dulúð og óuppgerðar hefndir ráða ríkjum.\r\n\r\nMá fara í sunnudagsföt á þriðjudegi? Hvernig bauð maður í jarðarfarir fyrir tíma Facebook viðburða? Hvort er verra, femínisti eða vændiskona? Þurfa konur að fara á klósettið? Er bara hægt að treysta frændum? Er Mabú Úbí í Þýskalandi? Hversu langt í burtu er ógeðslega langt í burtu?\r\n\r\nKisa vikunnar er Chonky cat\r\n\r\nÍSKISUR - Svindla allar','\r',char(13)),'\n',char(10)));
INSERT INTO storytel_iskisur VALUES(69,1,4,5.0,64,'2020-06-19',replace(replace('Í fyrri hluta 35 bókar um Ísfólkið kynnumst við hinum óstýriláta Vetla sem hefur enga yfirnáttúrulega hæfileika umfram það sem telst eðlilegt hjá Ísfólkinu. Hann fær samt það erfiða hlutverk að bjarga heiminum frá því að Þengli hinum illa takist ætlunarverk sitt að vakna upp af værum blundi. Vandamálið er hins vegar að Vetli er ekki nema 14 ára gamall.\r\n\r\nEr betra að klára bækur eða hætta bara í miðjunni og byrja á næstu bók? Getur heili verið hægari en hugur? Hversu þreyttur verður maður eftir 620 ára lúr? Skiptir landafræði einhverju máli?\r\n\r\nKisa vikunnar er Copy cat eða hermikisi\r\n\r\nÍSKISUR - lykta ekki illa!','\r',char(13)),'\n',char(10)));
INSERT INTO storytel_iskisur VALUES(70,2,5,5.0,50,'2020-06-25',replace(replace('Í seinni hluta 35. bókar um Ísfólkið er áfram fjallað um ævintýri Vetla á Spáni í leit sinni að alræmdu nótunum í kapp við skrímsli undir stjórn Þengils. Vetli flýr undan skrímslinu ásamt Esmeröldu, fordekraðri dömu sem er mjög upptekin af titlum. En skrímslið er langt því frá eina vandamálið sem Vetli mun þurfa að takast á við.\r\n\r\nEr mjög flókið að velta Vetla? Þarf alltaf að vera fínt fólk? Hvað er málið með grafhýsið? Hvað má geyma einstakling í klaustri lengi? Hvort er betra, nunna með eða án kennda?\r\n\r\nKisa vikunnar er kattarandnauð\r\n\r\nÍSKISUR - á klettasyllu','\r',char(13)),'\n',char(10)));
INSERT INTO storytel_iskisur VALUES(71,1,4,5.0,42,'2020-07-02',replace(replace('Í fyrri hluta 36 bókar um Ísfólkið fylgjumst við með hinni bældu Christu Tamlinsdóttur og föður hennar, Frank, sem eru saman í sértrúarsöfnuði. Christa hefur alist upp við að þjóna veikum föður sínum sem einangrar hana og heldur henni skipulega frá Ísfólksfjölskyldu sinni. Christa mun þó komast að því að ekki er allt sem sýnist.\r\n\r\nÞarf alltaf að vera þrælkun? Er synd að bólótt og þéttvaxin kona sé full sjálfstrausts? Er það raunhæft markmið að reyna að eignast sjöunda son sjöunda sonar? Hvenær er við hæfi að breyta heima hjá öðrum?\r\n\r\nKisa vikunnar er dýrakisur\r\nÍSKISUR - neita aldrei mat','\r',char(13)),'\n',char(10)));
INSERT INTO storytel_iskisur VALUES(72,2,4,5.0,52,'2020-07-09',replace(replace('Í seinni hluta 36. bókar um Ísfólkið fylgjumst við með tilhugalífi Christu og Linde-Lou. Á sama tíma er ýmislegt dularfullt að gerist í samfélaginu, þar á meðal óútskýranleg slys, dauðsföll og líkfundur. Christa verður sífellt meira afhuga fósturföður sínum sem hefur skelfilegar afleiðingar.\r\n\r\nHeiðrar maður minningu látinna með því að leggja rétt á borð? Vill maður að munaðarlaus börn sín alist upp á heimili þar sem það er ekki rétt raðað í uppþvottavélina? Kunna ekki allir að svífa? Ætti fólk sem kemst ekki í þrívíddarbíó að fá örorkubætur?\r\n\r\nKisa vikunnar er lærdómskisi\r\n\r\nÍSKISUR - Raða alltaf rétt í uppþvottavélina','\r',char(13)),'\n',char(10)));
INSERT INTO storytel_iskisur VALUES(73,1,4,5.0,48,'2020-07-15',replace(replace('Í fyrri hluta 37 bókar um Ísfólkið finnum við mikla tengingu við nútímann en í þessari bók þarf Ríkharð Brink af Ísfólkinu að sjá um smitrakningu vegna bólusóttar. Við kynnumst níu mis mikilvægum söguhetjum, ásamt Rikka Brink, og fylgjumst með því hvernig Rikki nær að rekja ferðir þessa fólks, án þess að nota nokkuð smáforrit.\r\n\r\nEr líf eftir Ísfólkið? Lærði þríeykið hvernig ætti að tækla Covid eftir Ísfólkslestur? Fílar Guð meira ríkt fólk en fátækt? Þarf alltaf að vera hattur? Hver er feita systirin? Hvernig bjargar maður dettandi fólki af Ísfólkinu?\r\n\r\nKisa vikunnar er kona að öskra á kisa\r\nÍSKISUR - eiga fálkaorðuna skilið!\r\n\r\n','\r',char(13)),'\n',char(10)));
INSERT INTO storytel_iskisur VALUES(74,2,1,5.0,38,'2020-07-22',replace(replace('Í seinni hluta 37 bókar um Ísfólkið fjöllum við áfram um Rikka Brink og baráttu hans við bólusótt. Agnes er orðin verulega veik en Rikki virðist vera engu nær að tengja að Agnes er "týnda konan". Hann er sömuleiðis í vandræðum með að koma söfnuðu Prunks undir læknahendur.\r\n\r\nHvað er lífið án útúrdúra? Má alltaf þekkja konu af klæðum hennar? Hvernig er kápan raunverulega á litinn? Má smána menn með litla limi? Er betra að trúa á Guð en bólusetningar?\r\n\r\nKisa vikunnar er sagan um geimkisa\r\nÍSKISUR - smána aldrei litla menn\r\n\r\n','\r',char(13)),'\n',char(10)));
INSERT INTO storytel_iskisur VALUES(75,1,2,5.0,59,'2020-07-23',replace(replace('Í fyrri hluta 38 bókar um Ísfólkið fylgjumst við með afdrifum börnum Vetla sem þurfa að flýja Lindigarð því Þengill illi er kominn á stjá. Jónatan fer að vinna á spítala en systurnar Marí og Karína fara til Christu og Abels í vist. Jónatan leiðist út í verkefni fyrir andspyrnuhreyfingu og dregur Marí með sér. Þar kynnast þau kappanum Rúna sem mun hafa afdrifaríkar afleiðingar.\r\n\r\nEr allt í lagi að skila ekki afgangnum? Er einhver tilgangur að kaupa föt ef maður á ekki kærustu? Er best að giftast ljótum manni? Mun hundur bjarga Karínu?\r\n\r\nKisa vikunnar er Helgukisi\r\n\r\nÍSKISUR - keyrðu strætó löngu fyrir 15 ára aldur','\r',char(13)),'\n',char(10)));
INSERT INTO storytel_iskisur VALUES(76,2,2,4.5,62,'2020-07-30',replace(replace('Í seinni hluta 38 bókar um Ísfólkið er Jónatani haldið föngum í Þýskalandi við misgóðar aðstæður og Ísfólkið veit ekkert um niðurlög hans. Karína fær sér hund og kemst að því að hundauppeldi er enginn hægðarleikur. Þegar Rúni kemst að því hvar Jónatan er virðist hann leggja sig fram um að komast til vinar síns. En hver tók Jónatan í fangið? Hver er Rúni eiginlega? Hversu mikið er hægt að skrifa um einn hund? Hvenær er maður orðinn of gamall fyrir andspyrnuhreyfingu?\r\n\r\nKisa vikunnar er kirkjukisa\r\n\r\nÍSKISUR - Fara frekar í kettina en hundana','\r',char(13)),'\n',char(10)));
INSERT INTO storytel_iskisur VALUES(77,1,2,5.0,49,'2020-08-06',replace(replace('Í fyrri hluta 39 bókar um Ísfólkið fylgjumst við með Ellen Knudsen taka við starfi móttökustjóra á gistihúsi úti á landi. Ellen gistir ein í gömlum hluta gistihússins, þrátt fyrir aðvaranir þorpsbúa um draugagang og dularfullar dyr. Um miðja nótt verður hún fyrir ólýsanlegri lífsreynslu sem þarfnast skyggnigáfu Nathaníels til þess að greina.\r\n\r\nHversu flókin eru störf móttökustjóra? Þarf Ísfólkið alltaf að kjafta öllum fjölskylduleyndarmálum? Hvernig lykta svik? Hver er fullkomin lengd á bréfi? Þarf virkilega alltaf að vera hundur?\r\n\r\nKisa vikunnar er kisubangsi\r\n\r\nÍSKISUR - opna allar dyr','\r',char(13)),'\n',char(10)));
INSERT INTO storytel_iskisur VALUES(78,2,4,5.0,45,'2020-08-20',replace(replace('Í seinni hluta 39 bókar um Ísfólkið bjargar Ellen Nataníel úr grafhýsi vegna ráðgátunnar um týndu börnin. Nathaníel og Ellen fara svo saman í dularfulla dalinn úr æsku Ellenar og gera upp gamlar tilfinningar. Þegar leiðir þeirra skilja fer Nathaníel að bjarga Þúfu sem er komin í bandalag með glæpamanni.\r\n\r\nHversu erfitt er fyrir lögulega konu að dulbúa sig sem dreng? Er eðlilegt að reka manneskju út til að lesa bréf frá henni? Má taka ólesið bréf til baka eftir sendingu? Er maður lengur að lesa undir pressu? Hvort á maður að kaupa ódýra tösku sem lítur út fyrir að vera dýr eða dýra tösku sem lítur út fyrir að vera ódýr? Má kyssast fyrir framan hótelstarfsfólk?\r\n\r\nKisa vikunnar er kötturinn Pinky\r\n\r\nÍSKISUR - eru afbrýðisamar út í sjálfar sig','\r',char(13)),'\n',char(10)));
INSERT INTO storytel_iskisur VALUES(79,1,4,5.0,64,'2020-08-27',replace(replace('Í fyrri hluta 40. bókar um Ísfólkið enda Nataníel, Þúfa og Ellen saman um borð í bátnum Stellu vegna rannsóknar á dularfullu og mögulega yfirnáttúrulegu máli. Þúfa verður heilluð af hugmyndinni um endurholdgun og leitar uppi fyrrum lækni sem aðstoðar hana við að flakka á milli sinna fyrri lífa. Af hverju var enginn ómerkilegur í fyrra lífi? Er ekkert athugavert við að fullorðinn láti eins og hundur á almannafæri? Hvort á Ellen að fara eða vera? Tekur því að leggja sig í 10 mínútur? Þarf alltaf að vera arfur? Er sjöundi sonur sjöunda sonar afburðar drullusokkur?\r\n\r\nKisa vikunnar er Lim Heng Swee kisa\r\n\r\nÍSKISUR - STEEELLLLLLAAA!','\r',char(13)),'\n',char(10)));
INSERT INTO storytel_iskisur VALUES(80,2,4,4.799999999999999823,50,'2020-09-03',replace(replace('Í seinni hluta 40 bókar um Ísfólkið ferðumst við með sálarflakki alla leið til Japan. Þúfa festist í líkama formóður sinnar og neyðist til þess að biðja Nataníel um aðstoð. Henni til happs þá er Nataníel tilbúinn að fórna lífi sínu fyrir frænku sína og þá áttar hann sig loksins á hvers megnugur hann er. Er Þúfhanna gott nafn? Veit Margit kannski hvað hún er að gera? Mun Margit ná Cher? Er endurfæðingahraði mismunandi eftir þjóðernum? Erfa börn góðverk foreldra sinna? Er það Da-no-nura eða Du-ra-nona? Hversu andfúll getur fúll andi verið? Hvort er orðagrín fyndnara í fyrsta eða annað sinn … eða þúsundasta sinn?\r\n\r\nKisa vikunnar er Ron Perlman kisa ÍSKISUR - SpennANDI hlaðvarpsþáttur!\r\n\r\n','\r',char(13)),'\n',char(10)));
INSERT INTO storytel_iskisur VALUES(81,1,4,4.799999999999999823,56,'2020-09-10',replace(replace('Í fyrri hluta 41. bókar um Ísfólkið fáum við loksins almennilega fjölskylduráðstefnu með núlifandi og fráliðnum meðlimum Ísfólksins. Hópur forfeðra Ísfólksins boðar til fundar þar sem farið er yfir sögu allra fjölskyldumeðlima og stríðshlutverkum er úthlutað.\r\n\r\nHvenær er ættarmót ættarmót og hvenær verður það ráðstefna ? Væru bókarnöfnin Ættarmótið eða Fundurinn betri væntingarstjórnun en Djöflafjallið? Hversu sturlað væri að lesa bækurnar um Ísfólkið í handahófskenndri röð? Hversu viðeigandi er að ræða kynfæri makanna sinna fjögurra við nánustu fjölskyldumeðlimi sína?\r\n\r\nKisa vikunnar er fjölskyldumyndakisi.\r\n\r\nÍSKISUR - týpurnar sem mæta bara með einn kærasta á ættarmót.\r\n\r\n','\r',char(13)),'\n',char(10)));
INSERT INTO storytel_iskisur VALUES(82,2,3,4.700000000000000177,48,'2020-09-17',replace(replace('Í seinni hluta 41 bókar um Ísfólkið höldum við áfram að fylgjast með fjölskylduráðstefnu Ísfólksins í Djöflafjalli. Þar kynnumst við Þengli hinum illa betur í gengum frásagnir Didu, barnabarns hans. Einnig kemur í ljós að alrúnin byrjaði að vernda Ísfólkið jafnvel áður en hún komst í þeirra hendur.\r\n\r\nHvenær er besti tíminn fyrir heimsyfirráð? Hvernig er best að trufla ráðstefnu? Var Hanna vond góð eða góð vond? Eru bringuhár einhvern tímann við hæfi á ráðstefnu? Af hverju þekkja svona margir Rúna? Hversu mikið er hægt að stafa plott ofan í lesendur án þess að þeir fatti það?\r\n\r\nKisa vikunnar er quinceanera kisa.\r\n\r\nÍSKISUR - alltaf með á nótunum!\r\n\r\n','\r',char(13)),'\n',char(10)));
INSERT INTO storytel_iskisur VALUES(83,1,3,4.700000000000000177,64,'2020-09-24',replace(replace('Í fyrri hluta 42. bókar um Ísfólkið er Þengill hinn illi að vakna eftir langan lúr og hefur undirbúning á heimsyfirráðum. Ættarmótsráðstefna Ísfólksættarinnar heldur áfram, þar sem við fáum að vita hver Rúni raunverulega er og sögu hans í gegnum aldur og ævi. Við kynnumst einnig hinum dauðvona Íra Morahan sem á ættir sínar að rekja til Noregs.\r\n\r\nEr Guð góði eða vondi kallinn? Hvað er í lagi að taka stóran líkamspart af rótarmanni? Er það kostur að Alrúnin var ekki með skynfæri? Mun Tobba tæla? Var Þengill hin illi fyrstur með kynjakvótann?\r\n\r\nKisa vikunnar er sjálfukisi\r\n\r\nÍSKISUR - engar prótótýpur!\r\n\r\n','\r',char(13)),'\n',char(10)));
INSERT INTO storytel_iskisur VALUES(84,2,6,4.799999999999999823,65,'2020-10-01',replace(replace('Í seinni hluta 42. bókar um Ísfólkið lýkur loksins ættarráðstefnunni. Hin fimm útvöldu; Þula, Ellen, Marco, Nataníel og Gabríel; leggja af stað í dal Ísfólksins til þess að eyða svartavatni Þengils hins illa. En eins og gefur að skilja verður leiðangurinn enginn barnaleikur.\r\n\r\nVið hvaða aðstæður er í lagi að láta bara vaða þegar manni er mál? Geta konur farið á klósettið án þess að fara á trúnó? Þarf alltaf að vera vín? Er stranglega bannað að vinna eftir klukkan 6? Er klukkan þá alveg að verða 7? Var Þengill illi bara þreyttur? Hvað eru margir endar í þessari bók?\r\n\r\nKisa vikunnar er FatCatArt\r\n\r\nÍSKISUR - borða alltaf súkkulaðið\r\n\r\n','\r',char(13)),'\n',char(10)));
INSERT INTO storytel_iskisur VALUES(85,1,4,5.0,68,'2020-10-08',replace(replace('Í fyrri hluta 43. bókar um Ísfólkið heldur barátta Ísfólksins við Þengil illa áfram. En ástandið er slæmt hjá uppáhalds ættinni okkar. Ein úr fimm manna baráttuhópnum er horfinn í Stóra Svelg, tveir eru alvarlega slasaðir, einn féll af klettabjargi í á og ein er hundelt af handbendum Þengils Illa.\r\n\r\nHversu hátt þarf maður að kunna að telja? Hversu vitlausir eru lesendur Ísfólksins að mati Margitar? Geta hávaxnar konur verið fallegar? Hugsa konur hugsað um nokkuð annað en útlit og nánd? Er eitthvað skrítið við trérót í manneskjulíkama og fornaldardraug? Er mikilvægara að líta vel út en að bjarga mannslífi? Hvernig hikstar maður af vonlausri þrá?\r\n\r\nKisa vikunnar eru kattarörnefni Íslands ÍSKISUR - Alfræðilega alþjóðlegar\r\n\r\n','\r',char(13)),'\n',char(10)));
INSERT INTO storytel_iskisur VALUES(86,2,4,4.5,68,'2020-10-15',replace(replace('Í seinni hluta 43. bókar um Ísfólkið verður Margit Sandemo enn virkari þátttakandi í eigin bókabálki þegar hún og maðurinn hennar skutla Gabríel af spítalanum til frændsystkina sinna. Hallkötlu dreymir um að kynnast karlmanni, Þengill hinn illi hrindir af stað Kalda Stríðinu og Þúfa reynir að vinna sig í átt að dal Ísfólksins með dauðvona mann í eftirdragi.\r\n\r\nEru handverk tímafrekari en börn? Hvað er að handlanga? Hvað er eðlilegt að líði langur tími milli þess sem að maður keyrir á einhvern og þangað til maður reynir við hann? Hvað er göfugasta líffærið? Þurfa draugar að hræðast lögregluna?\r\n\r\nKisa vikunnar er „Ég veit hvar kötturinn þinn býr“ ÍSKISUR - Milljón. NORSKAR\r\n\r\n','\r',char(13)),'\n',char(10)));
INSERT INTO storytel_iskisur VALUES(87,1,6,5.0,71,'2020-10-22',replace(replace('Í fyrri hluta 44. bókar um Ísfólkið fikra hin útvöldu og verndarar þeirra sig nær Ísdalnum til að heyja lokabaráttu við Þengil illa. Þengill illi og útsendarar hans gera allt til að hindra för þeirra. Á sama tíma stendur yfir orrusta á milli góðra og illra anda.\r\n\r\nEr kveikjari og gott vasaljós það eina sem þarf til að sigrast á útsendurum Þengils illa? Hvað er mikill sykur í einum Indverja? Hvort er verra að tapa í bardaga eða missa af mögulegu bóni? Er vöfflujárn nauðsynlegt í öll ferðalög? Eru konur alltaf neikvæðar gagnvart fallegum kvensum? Hvenær er í lagi að höstla aftur eftir að missa kærustuna sína í Stóra Svelg?\r\n\r\n','\r',char(13)),'\n',char(10)));
INSERT INTO storytel_iskisur VALUES(88,2,4,5.0,54,'2020-10-29',replace(replace('Í seinni hluta 44. bókar um Ísfólkið halda hin útvöldu áfram för sinni að Ísdalnum. Þengill illi ásamt Lynx gefast ekki upp við að reyna að stöðva för þeirra þó þeir missi fleiri úr liði sínu. Hin útvöldu þurfa m.a. að verjast gegn Drottnurum tímans og finna leið til að útrýma þeim áður en það verður of seint.\r\n\r\nHver átti sín skapadægur í bókinni? Var Þengill illi fyrsti straumlínustjórnandinn? Þurfa hin útvöldu að yfirfara verkferlin í kringum klósettferðir? Er hægt að bindast manneskju meira en að vera skyld henni í báðar ættir? Af hverju virka sprengjur á anda en ekki byssur? Hvort er það byssan eða maðurinn sem drepur? Hver er versti vondi gaurinn?\r\n\r\nKisa vikunnar eru tvífarakisur\r\n\r\nÍSKISUR - þið ættuð að sjá okkur með kórónur!','\r',char(13)),'\n',char(10)));
INSERT INTO storytel_iskisur VALUES(89,1,1,5.0,52,'2020-11-05',replace(replace('Í fyrri hluta 45. bókar um Ísfólkið eru hin útvöldu enn að fikra sig nær Ísdalnum. Rúni lendir í hættu þegar hann mætir Þengli Illa. Rúni fær björgun úr óvæntri átt og kemst að mikilvægum upplýsingum um Lynx sem nýtist Christu og Linde-Lou við rannsókn uppruna hans.\r\n\r\nLeysa Ískisur leyndardóm Lynx í beinni? Er Bíbí besta leyninafnið? Hversu mikið grey er Rúni? Er eitthvað verra en að fara einn í leigubílaröðina? Var Lúsífer að koma á 100 ára fresti bara til að tékka á Ísfólksgellunum? Af hverju var engin glærusýning í þessari bók? Hversu mikil kynferðisleg spenna getur orðið á bókasafni? Er eitthvað heitara en rannsókn með látnum unglings föðurbróður þínum?\r\n\r\nKisa vikunnar er Lil’bub\r\n\r\nÍSKISUR - í algjörum trúnaði!','\r',char(13)),'\n',char(10)));
INSERT INTO storytel_iskisur VALUES(90,2,4,4.5,66,'2020-11-12',replace(replace('Í seinni hluta 45. bókar um Ísfólkið leggur Marco sig allan fram við að sigra hin þýska Lynx. En leiðin að Lynx og svarta vatninu er ekki auðveld því Þengill illi á sér marga stuðningsmenn sem Ísfólkið veit ekkert um.\r\n\r\nHver samdi eiginlega við hvern? Af hverju eru þessi hugskeyti ekki betur nýtt? Eru hrútskýringar bara menn að misskilja? Hvernig öskraði Marco eiginlega á Fritz? Er Ian gagnslaus eða ekki? Þarf Helga alltaf að mótmæla? Er millivegur á milli saurs og ilmvatns?\r\n\r\nKisa vikunnar er heimiliskötturinn Mikki\r\n\r\nÍSKISUR - gleyma stundum hæfileikum sínum!','\r',char(13)),'\n',char(10)));
INSERT INTO storytel_iskisur VALUES(91,1,4,5.0,63,'2020-11-19',replace(replace('Í fyrri hluta 46. bókar um Ísfólkið virðist leiðin að illa vatninu loksins orðin greið og kraftur Nataníels eykst með hverju skrefinu. Fimmmenningarnir þurfa einungis að ljúka einu verkefni í dalnum áður en Nataníel leggur í lokaorrustuna.\r\n\r\nHvar stoppa öll fótsporin? Er eina sem Nataníel er ekki tilbúinn í gera í baráttunni við Þengill illa að koma nakinn fram? Sigrar ástin allt? Þurfa allir að fara úr fötunum í þessari bók? Er orrusta merkileg ef það deyr enginn? Hversu flókið er að opna eitt stykki mannlegan lás?\r\n\r\nKisa vikunnar er éttu puttann kisa.\r\n\r\nÍSKISUR - hætta aldrei í miðjum klíðum!','\r',char(13)),'\n',char(10)));
INSERT INTO storytel_iskisur VALUES(92,2,5,4.799999999999999823,56,'2020-11-26',replace(replace('Í seinni hluta 46. bókar um Ísfólkið er loksins komið að stundinni sem við höfum öll beðið eftir. Nataníel þarf einn að kljást við Þengil Illa en eins og svo oft áður berst honum aðstoð úr óvæntum áttum.\r\n\r\nEf maður les bók án þess að segja frá því, las maður þá bókina? Hversu lengi má maður vera bitur yfir hrútskýringu? Hvers vegna er erfiðara að finna skurðlækni en klæðskera? Eru skráargöt líka fólk? Er þetta allt draumur Silju eftir að hún var negld við það magnaðasta í lífi sínu? Er Nataníel nóg? Hvers oft getur maður gleymt því að maður getur stundað hugsana flutning? Hvað gerist ef maður grípur of seint um rassinn?\r\n\r\nKisa vikunnar eru kisumubblur\r\n\r\nÍSKISUR - í upphafi var mold!\r\n\r\n','\r',char(13)),'\n',char(10)));
INSERT INTO storytel_iskisur VALUES(93,1,3,4.700000000000000177,53,'2020-12-03',replace(replace('Í fyrri hluta 47 bókar um Ísfólkið heyrum við sögu Tiili og hvernig hún hefur náð að lifa af 700 ár föst við vegg. Lúsífer ljóstrar um áætlanir sínar gagnvart heiminum og Margit Sandemo sjálf mætir aftur í söguna. Já og svo má ekki gleyma tveimur fjölskylduráðstefnum!\r\n\r\nÞarf alltaf að vera doktor? Hver er til í Tiili? Death or Cake eða Cake or Death? Hefur Þengill Illi aldrei séð neina Bond mynd? Hver ætlar að taka að sér að skrifa Fan Fiction fyrir Ísfólkið? Hversu glataður er þjóðhátíðardagur Noregs? Eru rætur betri en dímonar?\r\n\r\nKisa vikunnar er fræðikisi\r\n\r\nÍSKISUR - Kasjúal komma péhádé!\r\n\r\n','\r',char(13)),'\n',char(10)));
INSERT INTO storytel_iskisur VALUES(94,2,1,5.0,68,'2020-12-10',replace(replace('Í seinni hluta 47. bókar um Ísfólkið klárum við síðustu fjölskylduráðstefnu Ísfólksins. Lúsífer er skammaður af stóra bróður og pabba og er sendur aftur heim til sín með rófuna á milli fóta. Eftirlifandi Ísfólk þarf svo að læra að lifa lífinu án látinna ættingja sinna.\r\n\r\nGetur verið Ísfólk ef það er ekki ráðstefna? Hvernig er fasteignamarkaðurinn í helvíti? Hversu lélegur einræðisherra ertu ef þú gefst upp við annað nei frá stóra bróður eftir 500 ára undirbúning? Hvernig valdi maður maka fyrir tíma Tinder?\r\n\r\nKisa vikunnar er Búðarkisi (e. Bodega cat)\r\n\r\nÞetta er næstsíðasti þáttur Ískisa, í næsta þætti lítum við til baka yfir farin veg og rifjum upp bestu stundirnar á þessu tæplega tveggja ára ferðalagi.\r\n\r\nÍSKISUR - Líta bara nokkuð vel út í myrkri\r\n\r\n','\r',char(13)),'\n',char(10)));
INSERT INTO storytel_iskisur VALUES(95,0,5,5.0,56,'2020-12-17',replace(replace('Í lokaþættinum af Ískisum gera stelpurnar upp allar 47 bækurnar og fara yfir uppáhaldsatriðin sín úr bókunum sem og farinn veg í hlaðvarpinu. Ískisur þakka hlustendum kærlega fyrir þetta ruglingslega ferðalag síðastliðin tvö ár.\r\n\r\nVar Margit búin að gefast upp í síðustu bókunum? Var dagbók Silju og steindi glugginn „hæpað“ of mikið upp? Eru Helga og Margit ein og sama manneskjan? Var Lúsífer að skrifa í gegnum Margit allan tímann? Hvernig var þetta aftur með stöngina? Mun Helga einhvern tímann læra að bera fram orðið kvíga? Hvað varð um öll kveinin? Er líf eftir Ískisur?\r\n\r\nÍSKISUR - fá 10 í mætingu!\r\n\r\n','\r',char(13)),'\n',char(10)));
INSERT INTO storytel_iskisur VALUES('Ískisur',0,39,4.799999999999999823,5760,NULL,replace(replace('ÍSKISUR - vísindalega þenkjandi og hræðilega málfræði hlaðvarpið Ískisur er skemmtiþáttur þar sem þrjár vinkonur, Birna, Helga og Kristín, deila bókaklúbbnum sínum um Ísfólkið, létterótísku bókaseríuna sem tröllreið íslensku samfélagi á 9. áratuginum og sem nýtur gríðarlegra vinsælda hjá hlustendum Storytel í hljóð- og rafbókarformi. Farið verður yfir allar 47 bækurnar og söguhetjur og atburðir dæmdir út frá nútíma gildum. Í hverjum þætti verður tekin fyrir hálf bók og í lok hvers þáttar kynnir Helga okkur fyrir sinni helstu dægradvöl með innslaginu Net-kisa vikunnar. Nýir hlustendur hljóðbókanna á Storytel geta því verið samferða Ískisunum í lestrinum, en eins geta gamlir aðdáendur öðlast nýja sýn á þessar ástsælu sögur.\r\n\r\n','\r',char(13)),'\n',char(10)));
CREATE TABLE special_events (
    date DATE,
    event TEXT,
    enddate DATE,
    remark TEXT
);
INSERT INTO special_events VALUES('1985-12-07','birth','1985-03-16','Helga');
INSERT INTO special_events VALUES('1985-07-17','birth','1984-10-24','Birna');
INSERT INTO special_events VALUES('1985-06-11','birth','1984-09-18','Kristín');
INSERT INTO special_events VALUES('2020-04-15','birth','2019-07-20','Þorvarður');
INSERT INTO special_events VALUES('2018-09-01','In Memoriam',NULL,'Margit Sandemo');
INSERT INTO special_events VALUES('2017-04-27','In Memoriam',NULL,'Muri');
INSERT INTO special_events VALUES('2019-05-14','In Memoriam',NULL,'Tardar Sauce');
INSERT INTO special_events VALUES('2019-12-01','In Memoriam',NULL,'Lil Bub');
INSERT INTO special_events VALUES('2019-02-19','In Memoriam',NULL,'Karl Lagerfeld');
INSERT INTO special_events VALUES('2016-08-31','ISKISUR founded',NULL,NULL);
INSERT INTO special_events VALUES('2017-02-23','ISKISUR on Alvarpid','2018-11-01',NULL);
INSERT INTO special_events VALUES('2018-12-03','Contacted by Storytel',NULL,NULL);
INSERT INTO special_events VALUES('2019-03-07','ISKISUR on Storytel','2020-12-17',NULL);
INSERT INTO special_events VALUES('2018-07-06','Audiobooks on Storytel','2019-10-31',NULL);
INSERT INTO special_events VALUES('2017-05-09','E-books on Storytel',NULL,NULL);
INSERT INTO special_events VALUES('1982-02-25','Books published in Iceland','1989-09-15',NULL);
INSERT INTO special_events VALUES('2023-06-15','Reykjavik DataBeers',NULL,NULL);
INSERT INTO special_events VALUES('2017-06-06','Cher-Man-Mja Born',NULL,NULL);
INSERT INTO special_events VALUES('2017-08-26','Cher-Man-Mja Adopted',NULL,NULL);
INSERT INTO special_events VALUES('2017-07-21','In Memoriam',NULL,'Mayor Stubbs');
CREATE TABLE IF NOT EXISTS "children" (parent integer references family(id) not null, child integer references family(id) not null, primary key(parent,child));
INSERT INTO children VALUES(0,1);
INSERT INTO children VALUES(0,3);
INSERT INTO children VALUES(1,5);
INSERT INTO children VALUES(2,7);
INSERT INTO children VALUES(2,8);
INSERT INTO children VALUES(3,7);
INSERT INTO children VALUES(3,8);
INSERT INTO children VALUES(4,6);
INSERT INTO children VALUES(5,16);
INSERT INTO children VALUES(6,11);
INSERT INTO children VALUES(6,13);
INSERT INTO children VALUES(7,11);
INSERT INTO children VALUES(7,13);
INSERT INTO children VALUES(8,16);
INSERT INTO children VALUES(8,17);
INSERT INTO children VALUES(8,18);
INSERT INTO children VALUES(9,16);
INSERT INTO children VALUES(9,17);
INSERT INTO children VALUES(9,18);
INSERT INTO children VALUES(10,20);
INSERT INTO children VALUES(11,20);
INSERT INTO children VALUES(11,21);
INSERT INTO children VALUES(12,21);
INSERT INTO children VALUES(13,24);
INSERT INTO children VALUES(13,25);
INSERT INTO children VALUES(14,24);
INSERT INTO children VALUES(14,25);
INSERT INTO children VALUES(15,27);
INSERT INTO children VALUES(16,27);
INSERT INTO children VALUES(18,29);
INSERT INTO children VALUES(19,29);
INSERT INTO children VALUES(21,31);
INSERT INTO children VALUES(22,31);
INSERT INTO children VALUES(23,33);
INSERT INTO children VALUES(23,34);
INSERT INTO children VALUES(24,33);
INSERT INTO children VALUES(24,34);
INSERT INTO children VALUES(25,35);
INSERT INTO children VALUES(26,35);
INSERT INTO children VALUES(27,36);
INSERT INTO children VALUES(28,36);
INSERT INTO children VALUES(29,37);
INSERT INTO children VALUES(30,37);
INSERT INTO children VALUES(31,44);
INSERT INTO children VALUES(32,39);
INSERT INTO children VALUES(33,39);
INSERT INTO children VALUES(34,41);
INSERT INTO children VALUES(35,42);
INSERT INTO children VALUES(36,42);
INSERT INTO children VALUES(37,44);
INSERT INTO children VALUES(38,47);
INSERT INTO children VALUES(39,47);
INSERT INTO children VALUES(40,48);
INSERT INTO children VALUES(41,48);
INSERT INTO children VALUES(42,51);
INSERT INTO children VALUES(43,51);
INSERT INTO children VALUES(44,52);
INSERT INTO children VALUES(45,52);
INSERT INTO children VALUES(46,53);
INSERT INTO children VALUES(47,53);
INSERT INTO children VALUES(47,54);
INSERT INTO children VALUES(48,57);
INSERT INTO children VALUES(49,57);
INSERT INTO children VALUES(51,58);
INSERT INTO children VALUES(52,58);
INSERT INTO children VALUES(53,60);
INSERT INTO children VALUES(56,62);
INSERT INTO children VALUES(57,62);
INSERT INTO children VALUES(58,63);
INSERT INTO children VALUES(58,64);
INSERT INTO children VALUES(59,67);
INSERT INTO children VALUES(59,68);
INSERT INTO children VALUES(60,67);
INSERT INTO children VALUES(60,68);
INSERT INTO children VALUES(61,70);
INSERT INTO children VALUES(62,70);
INSERT INTO children VALUES(63,71);
INSERT INTO children VALUES(64,73);
INSERT INTO children VALUES(65,73);
INSERT INTO children VALUES(66,74);
INSERT INTO children VALUES(67,74);
INSERT INTO children VALUES(68,76);
INSERT INTO children VALUES(69,76);
INSERT INTO children VALUES(70,78);
INSERT INTO children VALUES(71,78);
INSERT INTO children VALUES(72,80);
INSERT INTO children VALUES(73,80);
INSERT INTO children VALUES(74,81);
INSERT INTO children VALUES(74,82);
INSERT INTO children VALUES(75,84);
INSERT INTO children VALUES(76,84);
INSERT INTO children VALUES(77,85);
INSERT INTO children VALUES(78,85);
INSERT INTO children VALUES(79,88);
INSERT INTO children VALUES(80,88);
INSERT INTO children VALUES(81,89);
INSERT INTO children VALUES(82,90);
INSERT INTO children VALUES(83,91);
INSERT INTO children VALUES(84,91);
INSERT INTO children VALUES(85,94);
INSERT INTO children VALUES(86,94);
INSERT INTO children VALUES(87,96);
INSERT INTO children VALUES(87,97);
INSERT INTO children VALUES(88,96);
INSERT INTO children VALUES(88,97);
INSERT INTO children VALUES(89,98);
INSERT INTO children VALUES(90,99);
INSERT INTO children VALUES(91,101);
INSERT INTO children VALUES(92,101);
INSERT INTO children VALUES(93,102);
INSERT INTO children VALUES(94,102);
INSERT INTO children VALUES(95,104);
INSERT INTO children VALUES(96,104);
INSERT INTO children VALUES(97,116);
INSERT INTO children VALUES(98,107);
INSERT INTO children VALUES(99,108);
INSERT INTO children VALUES(99,109);
INSERT INTO children VALUES(100,110);
INSERT INTO children VALUES(101,110);
INSERT INTO children VALUES(102,112);
INSERT INTO children VALUES(103,112);
INSERT INTO children VALUES(104,114);
INSERT INTO children VALUES(105,114);
INSERT INTO children VALUES(107,116);
INSERT INTO children VALUES(108,118);
INSERT INTO children VALUES(108,119);
INSERT INTO children VALUES(108,122);
INSERT INTO children VALUES(108,123);
INSERT INTO children VALUES(113,125);
INSERT INTO children VALUES(114,125);
INSERT INTO children VALUES(115,136);
INSERT INTO children VALUES(117,126);
INSERT INTO children VALUES(117,127);
INSERT INTO children VALUES(117,128);
INSERT INTO children VALUES(117,129);
INSERT INTO children VALUES(117,130);
INSERT INTO children VALUES(118,126);
INSERT INTO children VALUES(118,127);
INSERT INTO children VALUES(118,128);
INSERT INTO children VALUES(118,129);
INSERT INTO children VALUES(118,130);
INSERT INTO children VALUES(119,131);
INSERT INTO children VALUES(119,132);
INSERT INTO children VALUES(119,133);
INSERT INTO children VALUES(120,131);
INSERT INTO children VALUES(120,132);
INSERT INTO children VALUES(120,133);
INSERT INTO children VALUES(121,134);
INSERT INTO children VALUES(122,134);
INSERT INTO children VALUES(123,135);
INSERT INTO children VALUES(124,135);
COMMIT;
